project,type,url,name,summary,description,package stats
0ad,desktop,http://play0ad.com/,0,0,0,0
0install,desktop,http://0install.net,0,0,0,0
4Pane,desktop,http://www.4pane.co.uk,0,0,0,0
7kaa,desktop,http://7kfans.com/,0,0,0,0
Add64,desktop,http://www.amsynth.com/add64.html,0,0,0,0
google-android-emoji-fonts,font,https://android.googlesource.com/platform/frameworks/base.git/+/jb-release/data/fonts/,0,0,0,0
BlockOutII,desktop,http://www.blockout.net/blockout2/,0,0,0,0
cmake-gui,desktop,http://www.cmake.org,0,0,0,0
crrcsim,desktop,https://sourceforge.net/projects/crrcsim/,0,0,0,0
CardManager,desktop,http://cardmanager.wz.cz/,0,0,0,0
CriticalMass,desktop,http://criticalmass.sourceforge.net/,0,0,0,0
FlightGear,desktop,http://www.flightgear.org/,0,0,0,0
gnusim8085,desktop,http://gnusim8085.org/,0,0,0,0
gameconqueror,desktop,http://code.google.com/p/scanmem/,0,0,0,0
gammaray,desktop,https://www.kdab.com/kdab-products/gammaray/,0,0,0,0
IQmol,desktop,http://iqmol.org,0,0,0,0
typemade-josefinsansstd-light-fonts,font,http://typemade.mx/,0,0,0,0
kgoldrunner,desktop,https://projects.kde.org/projects/kde/kdegames/kgoldrunner,yes,0,0,0
kmail,desktop,http://www.kde.org/,yes,0,0,0
knode,desktop,http://www.kde.org/,yes,0,0,0
kontact,desktop,http://www.kde.org/,yes,0,0,0
libreatlas,desktop,https://www.gaia-gis.it/fossil/libreatlas/home,0,0,0,0
Maelstrom,desktop,http://www.libsdl.org/projects/Maelstrom/,0,0,0,0
hugin,desktop,http://hugin.sourceforge.net/,0,0,0,0
Panini,desktop,http://sourceforge.net/projects/pvqt/,0,0,0,0
polybori-gui,desktop,http://polybori.sourceforge.net/,0,0,0,0
PyMca,desktop,http://pymca.sourceforge.net/,0,0,0,0
RemoteBox,desktop,http://remotebox.knobgoblin.org.uk/,0,0,0,0
rodent,desktop,http://xffm.org/rodent-fm.html,yes,0,0,0.36
Saaghar,desktop,http://sourceforge.net/projects/saaghar/,0,0,0,0
scite,desktop,http://www.scintilla.org/SciTE.html,0,0,0,0
oflb-sportrop-fonts,font,http://openfontlibrary.org/media/files/gluk/287,0,0,0,0
Thunar,desktop,http://xfce.org/projects,yes,yes,0,0.67
tzclock,desktop,http://www.tzclock.org/,0,0,0,0
httrack,desktop,http://www.httrack.com,0,0,0,0
yagf,desktop,http://symmetrica.net/cuneiform-linux/yagf-en.html,0,0,0,0
aajohan-comfortaa-fonts,font,http://aajohan.deviantart.com,0,0,0,0
abattis-cantarell-fonts,font,http://abattis.org/cantarell/,0,0,0,0
abe,desktop,http://abe.sourceforge.net/,0,0,0,0
abiword,desktop,http://www.abisource.com/,0,0,0,0
accerciser,desktop,https://live.gnome.org/Accerciser,0,0,0,0.57
torque-gui,desktop,http://www.adaptivecomputing.com/products/open-source/torque/,0,0,0,0
torque-gui,desktop,http://www.adaptivecomputing.com/products/open-source/torque/,0,0,0,0
adf-accanthis-fonts,font,http://arkandis.tuxfamily.org/adffonts.html,0,0,0,0
adf-tribun-fonts,font,http://arkandis.tuxfamily.org/adffonts.html,0,0,0,0
admeshgui,desktop,http://admesh.org/,0,0,0,0
adobe-source-code-pro-fonts,font,http://sourceforge.net/projects/sourcecodepro.adobe,0,0,0,0
aeskulap,desktop,http://aeskulap.nongnu.org,0,0,0,0
akonadiconsole,desktop,http://www.kde.org/,yes,yes,0,0
akregator,desktop,http://www.kde.org/,yes,yes,0,0
aldusleaf-crimson-text-fonts,font,http://aldusleaf.org/0-crimson.html,0,0,0,0
ht-alegreya-fonts,font,http://www.huertatipografica.com.ar/tipografias/alegreya/ejemplos.html,0,0,0,0
alexandria,desktop,http://alexandria.rubyforge.org/,0,0,0,0
alienarena,desktop,http://red.planetarena.org/,0,0,0,0
almanah,desktop,http://tecnocode.co.uk/projects/almanah/,0,0,0,0
almas-mongolian-title-fonts,font,http://www.mongolfont.com/en/font/mngltitleotf.html,0,0,0,0
alt-ergo-gui,desktop,http://alt-ergo.ocamlpro.com/,0,0,0,0
amarok,desktop,http://amarok.kde.org,yes,yes,yes,0.75
amoebax,desktop,http://www.emma-soft.com/games/amoebax/,0,0,0,0
amsynth,desktop,https://code.google.com/p/amsynth/,0,0,0,0
anjuta,desktop,https://projects.gnome.org/anjuta/,0,0,0,0.25
anka-coder-condensed-fonts,font,http://code.google.com/p/anka-coder-fonts/,0,0,0,0
anki,desktop,http://ankisrs.net/,0,0,0,0
ansifilter-gui,desktop,http://www.andre-simon.de/doku/ansifilter/ansifilter.php,0,0,0,0
ibus-anthy-python,inputmethod,http://code.google.com/p/ibus/,0,0,0,0
antimicro,desktop,https://github.com/Ryochan7/antimicro,0,0,0,0
antlrworks,desktop,http://www.antlr3.org/works,0,0,0,0
apa-new-athena-unicode-fonts,font,http://apagreekkeys.org/NAUdownload.html,0,0,0,0
apanov-edrip-fonts,font,http://code.google.com/p/edrip/,0,0,0,0
apanov-heuristica-fonts,font,http://sourceforge.net/projects/heuristica/,0,0,0,0
setools-gui,desktop,http://oss.tresys.com/projects/setools,0,0,0,0
apper,desktop,https://projects.kde.org/projects/extragear/sysadmin/apper/,yes,yes,0,0.99
apx,desktop,https://github.com/projecthamster/apx,0,0,0,0
aqemu,desktop,http://aqemu.sourceforge.net,0,0,0,0
arc-gui-clients,desktop,http://sourceforge.net/projects/arc-gui-clients/,0,0,0,0
ardour,desktop,http://ardour.org,0,0,0,0
ardour3,desktop,http://ardour.org,0,0,0,0
arduino,desktop,http://arduino.cc/,0,0,0,0
ark,desktop,http://kde.org/applications/utilities/ark/,yes,0,0,0
armacycles-ad,desktop,http://armagetronad.sf.net,0,0,0,0
arora,desktop,http://code.google.com/p/arora/,0,0,0,0
artha,desktop,http://artha.sourceforge.net/,0,0,0,0
asc,desktop,http://www.asc-hq.org/,0,0,0,0
ascend,desktop,http://ascend4.org/,0,0,0,0
ascii-design,desktop,http://ascii-design.sourceforge.net/,0,0,0,0
python-ase,desktop,https://wiki.fysik.dtu.dk/ase/,0,0,0,0
astromenace,desktop,http://www.viewizard.com/,0,0,0,0
asunder,desktop,http://littlesvr.ca/asunder,0,0,0,0
asylum,desktop,http://sdl-asylum.sourceforge.net,0,0,0,0
atanks,desktop,http://atanks.sourceforge.net/index.html,0,0,0,0
atril,desktop,http://mate-desktop.org,0,yes,0,0.98
audacious-plugin-fc,addon,http://xmms-fc.sourceforge.net/,0,0,0,0
audacious-plugins-amidi,addon,http://audacious-media-player.org/,0,0,0,0
audacious-plugins-exotic,addon,http://audacious-media-player.org/,0,0,0,0
audacious-plugins-jack,addon,http://audacious-media-player.org/,0,0,0,0
audacious,desktop,http://audacious-media-player.org/,0,0,0,0
audacity,desktop,http://audacity.sourceforge.net/,0,0,0,0
audex,desktop,https://userbase.kde.org/Audex,0,0,0,0
calligra-author,desktop,http://www.calligra-suite.org/,0,0,0,0
autokey-gtk,desktop,http://autokey.googlecode.com,0,0,0,0
autokey-qt,desktop,http://autokey.googlecode.com,0,0,0,0
avahi-ui-tools,desktop,http://avahi.org,0,0,0,0
avogadro,desktop,http://avogadro.openmolecules.net/,0,0,0,0
backintime-kde,desktop,http://backintime.le-web.org,0,0,0,0
bacula-console-bat,desktop,http://www.bacula.org,0,0,0,0
bacula-traymonitor,desktop,http://www.bacula.org,0,0,0,0
ballerburg,desktop,http://baller.tuxfamily.org/,0,0,0,0
ballz,desktop,http://code.google.com/p/db-tins07/,0,0,0,0
balsa,desktop,http://pawsa.fedorapeople.org/balsa/,yes,yes,0,0
banshee,desktop,http://banshee.fm/,yes,yes,0,0.84
barrage,desktop,http://lgames.sourceforge.net/index.php?project=Barrage,0,0,0,0
batti,desktop,http://batti-gtk.googlecode.com/,0,0,0,0
berusky,desktop,http://www.anakreon.cz/?q=node/1,0,0,0,0
berusky2,desktop,http://www.anakreon.cz/?q=node/2,0,0,0,0
bibletime,desktop,http://www.bibletime.info/,0,0,0,0
bijiben,desktop,https://wiki.gnome.org/Apps/Bijiben,yes,yes,yes,1.0
billiards,desktop,http://www.nongnu.org/billiards/,0,0,0,0
biloba,desktop,http://biloba.sourceforge.net/,0,0,0,0
linux-libertine-biolinum-fonts,font,http://linuxlibertine.sf.net,0,0,0,0
birdie,desktop,http://birdieapp.github.io/,0,0,0,0
bleachbit,desktop,http://bleachbit.sourceforge.net/,0,0,0,0
blender,desktop,http://www.blender.org/,0,0,0,0
blinken,desktop,http://edu.kde.org/blinken/,yes,yes,0,0
blobby,desktop,http://blobby.sourceforge.net/,0,0,0,0
blobwars,desktop,http://www.parallelrealities.co.uk/p/blob-wars-metal-blob-solid.html,0,0,0,0
bluedevil,desktop,https://projects.kde.org/projects/extragear/base/bluedevil,0,yes,0,0.96
bluefish-shared-data,desktop,http://bluefish.openoffice.nl/,0,0,0,0
ibus-bogo,inputmethod,http://github.com/BoGoEngine/ibus-bogo-python,0,0,0,0
boinc-manager,desktop,http://boinc.berkeley.edu/,0,0,0,0
boswars,desktop,http://www.boswars.org/,0,0,0,0
bpg-algeti-fonts,font,http://groups.google.com/group/bpg-fonts,0,0,0,0
bpg-chveulebrivi-fonts,font,http://groups.google.com/group/bpg-fonts,0,0,0,0
bpg-classic-fonts,font,http://groups.google.com/group/bpg-fonts,0,0,0,0
bpg-courier-fonts,font,http://groups.google.com/group/bpg-fonts,0,0,0,0
bpg-courier-s-fonts,font,http://groups.google.com/group/bpg-fonts,0,0,0,0
bpg-dedaena-block-fonts,font,http://groups.google.com/group/bpg-fonts,0,0,0,0
bpg-dejavu-sans-fonts,font,http://groups.google.com/group/bpg-fonts,0,0,0,0
bpg-elite-fonts,font,http://groups.google.com/group/bpg-fonts,0,0,0,0
bpg-excelsior-fonts,font,http://groups.google.com/group/bpg-fonts,0,0,0,0
bpg-glaho-fonts,font,http://groups.google.com/group/bpg-fonts,0,0,0,0
bpg-gorda-fonts,font,http://groups.google.com/group/bpg-fonts,0,0,0,0
bpg-ingiri-fonts,font,http://groups.google.com/group/bpg-fonts,0,0,0,0
bpg-irubaqidze-fonts,font,http://groups.google.com/group/bpg-fonts,0,0,0,0
bpg-mikhail-stephan-fonts,font,http://groups.google.com/group/bpg-fonts,0,0,0,0
bpg-mrgvlovani-fonts,font,http://groups.google.com/group/bpg-fonts,0,0,0,0
bpg-nateli-fonts,font,http://groups.google.com/group/bpg-fonts,0,0,0,0
bpg-nino-medium-fonts,font,http://groups.google.com/group/bpg-fonts,0,0,0,0
bpg-sans-fonts,font,http://groups.google.com/group/bpg-fonts,0,0,0,0
bpg-serif-fonts,font,http://groups.google.com/group/bpg-fonts,0,0,0,0
bpg-ucnobi-fonts,font,http://groups.google.com/group/bpg-fonts,0,0,0,0
bpython,desktop,http://www.bpython-interpreter.org/,0,0,0,0
brasero,desktop,https://projects.gnome.org/brasero/,yes,yes,yes,0.98
bristol,desktop,http://bristol.sourceforge.net,0,0,0,0
btanks,desktop,http://btanks.sourceforge.net/,0,0,0,0
budgie,desktop,http://ikeydoherty.github.io/budgie/,0,0,0,0
bustle,desktop,http://willthompson.co.uk/bustle/,0,0,0,0
byobu,desktop,http://launchpad.net/byobu,0,0,0,0
bzflag,desktop,http://bzflag.org,0,0,0,0
dconf-editor,desktop,https://wiki.gnome.org/Projects/dconf,yes,yes,0,0
caja,desktop,http://mate-desktop.org,yes,yes,0,0.91
calf,desktop,http://calf.sourceforge.net/,0,0,0,0
calibre,desktop,http://calibre-ebook.com/,0,0,0,0
california,desktop,https://wiki.gnome.org/Apps/California,0,0,0,0
campivisivi-titillium-fonts,font,http://www.campivisivi.net/titillium/,0,0,0,0
ibus-cangjie-engine-cangjie,inputmethod,http://cangjians.github.io/ibus-cangjie,0,0,0,0
cantor,desktop,http://edu.kde.org/cantor/,yes,0,0,0
cardpeek,desktop,http://code.google.com/p/cardpeek/,0,0,0,0
catfish,desktop,https://launchpad.net/catfish-search/,0,0,0,0
cave9,desktop,http://code.google.com/p/cave9,0,0,0,0
cbrpager,desktop,http://www.jcoppens.com/soft/cbrpager/index.en.php,0,0,0,0
ccgo,desktop,http://ccdw.org/~cjj/prog/ccgo/,0,0,0,0
celestia,desktop,http://www.shatters.net/celestia/,0,0,0,0
cellwriter,desktop,http://code.google.com/p/cellwriter/,0,0,0,0
cf-bonveno-fonts,font,http://home.comcast.net/~crudfactory/cf3/bonveno.xhtml,0,0,0,0
cf-sorts-mill-goudy-fonts,font,http://crudfactory.com/,0,0,0,0
chatzilla,desktop,http://chatzilla.rdmsoft.com/xulrunner/,0,0,0,0
chemtool,desktop,http://ruby.chemie.uni-freiburg.de/~martin/chemtool/chemtool.html,0,0,0,0
cherrytree,desktop,http://www.giuspen.com/cherrytree,0,0,0,0
ibus-chewing,inputmethod,https://code.google.com/p/ibus/wiki/ChewingUserGuide,0,0,0,0
childsplay,desktop,http://www.schoolsplay.org/,0,0,0,0
chinese-calendar,desktop,https://launchpad.net/chinese-calendar,0,0,0,0
chirp,desktop,http://chirp.danplanet.com/,0,0,0,0
chisholm-letterslaughing-fonts,font,http://glyphobet.net/fonts/free/?font=lleqcdd,0,0,0,0
chisholm-to-be-continued-fonts,font,http://www.theory.org/~matt/fonts/free/?font=2bc,0,0,0,0
chkrootkit,desktop,http://www.chkrootkit.org,0,0,0,0
chocolate-doom,desktop,http://chocolate-doom.org/,0,0,0,0
clamtk,desktop,https://bitbucket.org/dave_theunsub/clamtk/,0,0,0,0
claws-mail,desktop,http://claws-mail.org,0,0,0,0
clementine,desktop,http://code.google.com/p/clementine-player,0,0,0,0
clipit,desktop,http://clipit.rspwn.com/,0,0,0,0
cockpit,desktop,http://cockpit-project.org/,0,0,0,0
code-editor,desktop,http://qt.gitorious.org/~ilyesgouta/qt-creator/code-editor,0,0,0,0
codeblocks-contrib,addon,http://www.codeblocks.org/,0,0,0,0
codeblocks,desktop,http://www.codeblocks.org/,0,0,0,0
colorhug-client,desktop,http://www.hughski.com/,0,0,0,0
colorhug-client,desktop,http://www.hughski.com/,0,0,0,0
colossus,desktop,http://colossus.sourceforge.net/,0,0,0,0
colorhug-client-backlight,desktop,http://www.hughski.com/,0,0,0,0
colorhug-client-ccmx,desktop,http://www.hughski.com/,0,0,0,0
colorhug-client-refresh,desktop,http://www.hughski.com/,0,0,0,0
colorhug-client-flash,desktop,http://www.hughski.com/,0,0,0,0
emerald,desktop,https://github.com/raveit65/emerald,0,0,0,1.0
emerald,desktop,https://github.com/raveit65/emerald,0,0,0,1.0
conakry-fonts,font,http://www.evertype.com/fonts/nko/,0,0,0,0
conky-manager,desktop,http://www.teejeetech.in/p/conky-manager.html,0,0,0,0
converseen,desktop,http://converseen.fasterland.net/,0,0,0,0
coot,desktop,http://www2.mrc-lmb.cam.ac.uk/Personal/pemsley/coot/,0,0,0,0
copyq,desktop,http://sourceforge.net/projects/copyq/,0,yes,0,0
coq-coqide,desktop,http://coq.inria.fr/,0,0,0,0
covered,desktop,http://covered.sourceforge.net/,0,0,0,0
cqrlog,desktop,http://www.cqrlog.com/,0,0,0,0
crossfire-client,desktop,http://crossfire.real-time.com,0,0,0,0
curblaster,desktop,http://curblaster.sourceforge.net,0,0,0,0
cutecw,desktop,http://www.hamtools.org/cutecw/,0,0,0,0
kicad,desktop,http://www.kicad-pcb.org,0,0,0,0
d-feet,desktop,https://wiki.gnome.org/DFeet/,0,0,0,0
darkgarden-fonts,font,http://darkgarden.sourceforge.net/,0,0,0,0
darktable,desktop,http://www.darktable.org/,0,0,0,0
datovka,desktop,http://labs.nic.cz/datove-schranky/,0,0,0,0
decibel-audio-player,desktop,http://decibel.silent-blade.org/,0,0,0,0
dejavu-fonts-common,font,http://dejavu-fonts.org/,0,0,0,0
deluge-gtk,desktop,http://deluge-torrent.org/,0,0,0,0
denemo-feta-fonts,font,http://www.denemo.org/,0,0,0,0
denemo-music-fonts,font,http://www.denemo.org/,0,0,0,0.01
denemo,desktop,http://www.denemo.org/,0,0,0,0
devassistant,desktop,http://devassistant.org/,0,0,0,0
devdocs-io.desktop,webapp,http://devdocs.io/,0,0,0,0
devhelp,desktop,https://wiki.gnome.org/Apps/Devhelp/,yes,yes,0,0.42
dexter,desktop,http://launchpad.net/dexter-rolodex,0,0,0,0
dia,desktop,https://wiki.gnome.org/Apps/Dia,0,0,0,0
diffuse,desktop,http://diffuse.sourceforge.net/,0,0,0,0
digikam,desktop,http://www.digikam.org/,yes,yes,0,0.53
dillo,desktop,http://www.dillo.org/,0,0,0,0
din,desktop,http://www.dinisnoise.org,0,0,0,0
kipi-plugins,desktop,http://www.digikam.org/,0,yes,0,0
dnssec-check,desktop,http://www.dnssec-tools.org/,0,0,0,0
dnssec-nodes,desktop,http://www.dnssec-tools.org/,0,0,0,0
dolphin,desktop,http://dolphin.kde.org/,yes,yes,yes,0
dosbox,desktop,http://dosbox.sf.net,0,0,0,0
dreampie,desktop,http://www.dreampie.org/,0,0,0,0
drehatlas-warender-bibliothek-fonts,font,http://www.drehatlas.de/,0,0,0,0
drehatlas-widelands-fonts,font,http://www.drehatlas.de/,0,0,0,0
drehatlas-xaporho-fonts,font,http://sourceforge.net/projects/drehatlas-fonts/,0,0,0,0
drumkv1,desktop,http://drumkv1.sourceforge.net,0,0,0,0
dsi,desktop,http://sourceforge.net/projects/dspaceinvadors/,0,0,0,0
dssi-amsynth-plugin,addon,http://amsynth.github.io/,0,0,0,0
dustin-domestic-manners-fonts,font,http://www.dustismo.com,0,0,0,0
dustin-dustismo-roman-fonts,font,http://www.dustismo.com,0,0,0,0
dvdisaster,desktop,http://dvdisaster.net,0,0,0,0
dwb,desktop,https://bitbucket.org/portix/dwb/wiki/Home,0,0,0,0
easystroke,desktop,https://github.com/thjaeger/easystroke/wiki,0,0,0,0
easytag,desktop,https://wiki.gnome.org/Apps/EasyTAG,0,0,0,0
ebumeter,desktop,http://kokkinizita.linuxaudio.org/linuxaudio,0,0,0,0
EekBoek-gui,desktop,http://www.eekboek.nl,0,0,0,0
ecl,desktop,http://ecls.sourceforge.net/,0,0,0,0
eclipse-changelog,addon,http://eclipse.org/linuxtools/,0,0,0,0
eclipse-gcov,addon,http://eclipse.org/linuxtools/,0,0,0,0
eclipse-jdt,addon,http://www.eclipse.org/,0,0,0,0
eclipse-pde,addon,http://www.eclipse.org/,0,0,0,0
eclipse-pdt,addon,http://www.eclipse.org/pdt/,0,0,0,0
eclipse-quickrex,addon,http://sourceforge.net/projects/quickrex/,0,0,0,0
eclipse-platform,desktop,http://eclipse.org,0,0,0,0
ecolier-court-lignes-fonts,font,http://perso.orange.fr/jm.douteau/page_ecolier.htm,0,0,0,0
edb,desktop,http://codef00.com/projects,0,0,0,0
edgar,desktop,http://www.parallelrealities.co.uk/p/legend-of-edgar.html,0,0,0,0
eekboard,desktop,http://fedorahosted.org/eekboard/,0,0,0,0
kicad,desktop,http://www.kicad-pcb.org,0,0,0,0
eiciel,desktop,http://rofi.roger-ferrer.org/eiciel/,0,0,0,0
ekmukta-fonts,font,https://github.com/girish-dalvi/Ek-Mukta,0,0,0,0
emacs-terminal,desktop,http://www.gnu.org/software/emacs/,0,0,0,0
emacs,desktop,http://www.gnu.org/software/emacs/,0,0,0,0
emelfm2,desktop,http://emelfm2.net/,0,0,0,0
ibus-table-code,inputmethod,https://code.google.com/p/ibus-table-emoji/,0,0,0,0
empathy,desktop,https://wiki.gnome.org/Empathy,yes,yes,yes,0.78
engauge-digitizer,desktop,http://digitizer.sourceforge.net/,0,0,0,0
engrampa,desktop,http://mate-desktop.org,0,yes,0,0.98
engrid,desktop,http://engits.eu/en/engrid,0,0,0,0
enigma,desktop,http://www.nongnu.org/enigma/,0,0,0,0
enlightenment-data,desktop,http://enlightenment.org,0,0,0,0
entangle,desktop,http://entangle-photo.org/,0,0,0,0
eog-plugin-exif-display,addon,http://live.gnome.org/EyeOfGnome/Plugins,0,0,0,0
eog-plugin-export-to-folder,addon,http://live.gnome.org/EyeOfGnome/Plugins,0,0,0,0
eog-plugin-fit-to-width,addon,http://live.gnome.org/EyeOfGnome/Plugins,0,0,0,0
eog-plugin-fullscreenbg,addon,http://live.gnome.org/EyeOfGnome/Plugins,0,0,0,0
eog-plugin-hide-titlebar,addon,http://live.gnome.org/EyeOfGnome/Plugins,0,0,0,0
eog-plugin-light-theme,addon,http://live.gnome.org/EyeOfGnome/Plugins,0,0,0,0
eog-plugin-map,addon,http://live.gnome.org/EyeOfGnome/Plugins,yes,0,0,0
eog-plugin-postasa,addon,http://live.gnome.org/EyeOfGnome/Plugins,0,0,0,0
eog-plugin-pythonconsole,addon,http://live.gnome.org/EyeOfGnome/Plugins,yes,0,0,0
eog-plugin-send-by-mail,addon,http://live.gnome.org/EyeOfGnome/Plugins,yes,yes,0,0
eog-plugin-slideshowshuffle,addon,http://live.gnome.org/EyeOfGnome/Plugins,yes,0,0,0
eog,desktop,https://wiki.gnome.org/Apps/EyeOfGnome,yes,yes,yes,0.99
eom,desktop,http://mate-desktop.org,yes,yes,0,0.98
epiphany-askfedora.desktop,webapp,https://ask.fedoraproject.org,0,0,0,0
epiphany-bbciplayer.desktop,webapp,http://www.bbc.co.uk/iplayer/bigscreen,0,0,0,0
epiphany-dropbox.desktop,webapp,http://www.dropbox.com/,0,0,0,0
epiphany-facebook.desktop,webapp,http://www.facebook.com/,0,0,0,0
epiphany-googledrive.desktop,webapp,http://drive.google.com/,0,0,0,0
epiphany-googlemaps.desktop,webapp,https://www.google.com/maps,0,0,0,0
epiphany-googleplus.desktop,webapp,http://plus.google.com/,0,0,0,0
epiphany-kindlecloud.desktop,webapp,https://read.amazon.com,0,0,0,0
epiphany-rdio.desktop,webapp,http://www.rdio.com/,0,0,0,0
epiphany-twitter.desktop,webapp,http://www.twitter.com/,0,0,0,0
epiphany,desktop,https://wiki.gnome.org/Apps/Web,yes,yes,0,0.53
aqsis,desktop,http://www.aqsis.org,0,0,0,0
equalx,desktop,http://equalx.sourceforge.net,0,0,0,0
eric,desktop,http://eric-ide.python-projects.org,0,0,0,0
escape,desktop,http://escape.spacebar.org/,0,0,0,0
eterm,desktop,http://www.eterm.org/,0,0,0,0
etherape,desktop,http://etherape.sourceforge.net/,0,0,0,0
extremetuxracer,desktop,http://extremetuxracer.sourceforge.net/,0,0,0,0
ettercap,desktop,http://ettercap.github.io/ettercap/,0,0,0,0
evince-libs,addon,http://projects.gnome.org/evince/,yes,yes,0,0
evince-djvu,addon,http://projects.gnome.org/evince/,yes,yes,0,0
evince-dvi,addon,http://projects.gnome.org/evince/,yes,yes,0,0
evince-libs,addon,http://projects.gnome.org/evince/,yes,yes,0,0
evince-libs,addon,http://projects.gnome.org/evince/,yes,yes,0,0
evince-libs,addon,http://projects.gnome.org/evince/,yes,yes,0,0
evince-libs,addon,http://projects.gnome.org/evince/,yes,yes,0,0
evince,desktop,https://wiki.gnome.org/Apps/Evince,yes,yes,yes,0.92
evolution-bogofilter,addon,https://wiki.gnome.org/Apps/Evolution,yes,0,0,0.98
evolution-ews,addon,https://wiki.gnome.org/Apps/Evolution,0,0,0,0
evolution-mapi,addon,https://wiki.gnome.org/Apps/Evolution,0,0,0,0.46
evolution-rss,addon,http://gnome.eu.org/evo/index.php/Evolution_RSS_Reader_Plugin,0,0,0,0.81
evolution-spamassassin,addon,https://wiki.gnome.org/Apps/Evolution,0,0,0,0.98
evolution,desktop,https://live.gnome.org/Apps/Evolution,yes,yes,0,0.98
exaile,desktop,http://www.exaile.org,0,0,0,0
exfalso,desktop,https://quodlibet.readthedocs.org,0,0,0,0
expendable,desktop,https://fedorahosted.org/expendable/,yes,0,0,0.38
kipi-plugins,desktop,http://www.digikam.org/,0,0,0,0
extrema,desktop,http://exsitewebware.com/extrema/,0,0,0,0
eyesight,desktop,https://github.com/mauios/eyesight,0,0,0,0
fbg2,desktop,http://sourceforge.net/projects/fbg/,0,0,0,0
fbzx,desktop,http://www.rastersoft.com/fbzx.html,0,0,0,0
fcitx,desktop,https://fcitx-im.org/wiki/Fcitx,0,0,0,0
fedora-gooey-karma,desktop,https://fedoraproject.org/wiki/Fedora_Gooey_Karma,0,0,0,0
libsvm-svm-toy-gtk,desktop,http://www.csie.ntu.edu.tw/~cjlin/libsvm/,0,0,0,0
libsvm-svm-toy-qt,desktop,http://www.csie.ntu.edu.tw/~cjlin/libsvm/,0,0,0,0
feedreader,desktop,http://jangernert.github.io/feedreader/,0,0,0,0
ffgtk,desktop,,0,0,0,0
fgrun,desktop,http://sourceforge.net/projects/fgrun,0,0,0,0
filelight,desktop,http://utils.kde.org/projects/filelight,yes,yes,0,0
filezilla,desktop,http://filezilla-project.org/,0,0,0,0
fillets-ng,desktop,http://fillets.sourceforge.net/,0,0,0,0
findthatword,desktop,http://findthatword.sourceforge.net/,0,0,0,0
firefox,desktop,http://www.mozilla.org/en-US/,0,0,0,0
firewall-config,desktop,http://www.firewalld.org,yes,yes,0,0.99
fityk,desktop,http://fityk.nieto.pl/,0,0,0,0
five-or-more,desktop,https://wiki.gnome.org/Apps/Five%20or%20more,yes,yes,yes,0
flare,desktop,http://www.flarerpg.org,0,0,0,0
flash-plugin,addon,,0,0,0,0
flaw,desktop,http://flaw.sourceforge.net/,0,0,0,0
fldigi,desktop,http://www.w1hkj.com/,0,0,0,0
florence,desktop,http://florence.sourceforge.net,0,0,0,0
calligra-flow,desktop,http://www.calligra.org/flow/,0,0,0,0
fltk-fluid,desktop,http://www.fltk.org/,0,0,0,0
flumotion,desktop,http://www.flumotion.net/,0,0,0,0
fmit,desktop,http://home.gna.org/fmit/,0,0,0,0
fmtools-tkradio,desktop,http://benpfaff.org/fmtools,0,0,0,0
focuswriter,desktop,http://gottcode.org/focuswriter/,0,0,0,0
font-manager,desktop,http://code.google.com/p/font-manager,0,0,0,0
fontforge,desktop,https://github.com/fontforge/fontforge,0,0,0,0
fontmatrix,desktop,http://fontmatrix.be/node/21,0,0,0,0
fonts-tweak-tool,desktop,https://bitbucket.org/tagoh/fonts-tweak-tool/,0,0,0,0
fotoxx,desktop,http://www.kornelix.com/fotoxx.html,0,0,0,0
four-in-a-row,desktop,https://wiki.gnome.org/Apps/Four-in-a-row,yes,yes,yes,0
fourterm,desktop,https://github.com/lzap/fourterm,0,0,0,0
foxtrotgps,desktop,http://www.foxtrotgps.org,0,0,0,0
frama-c,desktop,http://frama-c.com/,0,0,0,0
freecad,desktop,http://sourceforge.net/apps/mediawiki/free-cad/,0,0,0,0
freeciv,desktop,http://www.freeciv.org/,0,0,0,0
freeciv,desktop,http://sourceforge.net/projects/freeciv/,0,0,0,0
freecol-imperator-fonts,font,http://www.freecol.org/,0,0,0,0
freecol,desktop,http://www.freecol.org/,0,0,0,0
freediams,desktop,http://freemedforms.com/en/start,0,0,0,0
freedink-engine,desktop,http://www.gnu.org/software/freedink/,0,0,0,0
freedoom,desktop,http://freedoom.github.io/,0,0,0,0
freemedforms-emr,desktop,http://freemedforms.com/en/start,0,0,0,0
freemind,desktop,http://freemind.sourceforge.net,0,0,0,0
freesteam-gtk,desktop,http://freesteam.sourceforge.net/,0,0,0,0
frescobaldi,desktop,http://www.frescobaldi.org/,0,0,0,0
fritzing,desktop,http://fritzing.org/,0,0,0,0
frogr,desktop,https://wiki.gnome.org/Apps/Frogr,0,0,0,0
frozen-bubble,desktop,http://www.frozen-bubble.org/,0,0,0,0
fuelmanager,desktop,http://fuelmanager.sourceforge.net,0,0,0,0
funguloids,desktop,http://funguloids.sourceforge.net,0,0,0,0
fvkbd,desktop,http://gitorious.org/fvkbd/pages/Home,0,0,0,0
fwbackups,desktop,http://www.diffingo.com/oss/fwbackups/,0,0,0,0
gajim,desktop,http://gajim.org/,0,0,0,0
galculator,desktop,http://galculator.sourceforge.net/,0,0,0,0
gambas3-runtime,desktop,http://gambas.sourceforge.net/,0,0,0,0
ganyremote,desktop,http://anyremote.sourceforge.net,0,0,0,0
gap-core,desktop,http://www.gap-system.org/,0,0,0,0
apcupsd-gui,desktop,http://www.apcupsd.com,0,0,0,0
garden,desktop,http://garden.sourceforge.net/,0,0,0,0
gargi-fonts,font,http://savannah.nongnu.org/projects/gargi,0,0,0,0
gaupol,desktop,http://home.gna.org/gaupol/,0,0,0,0
gausssum,desktop,http://gausssum.sourceforge.net/,0,0,0,0
gazebo,desktop,http://www.gazebosim.org,0,0,0,0
gbrainy,desktop,https://wiki.gnome.org/action/show/Apps/gbrainy/,0,0,0,0
gchem3d,desktop,http://www.nongnu.org/gchemutils/,0,0,0,0
gchemcalc,desktop,http://www.nongnu.org/gchemutils/,0,0,0,0
gchempaint,desktop,http://www.nongnu.org/gchemutils/,0,0,0,0
gchemtable,desktop,http://www.nongnu.org/gchemutils/,0,0,0,0
gcompris,desktop,http://gcompris.net/,0,0,0,0
gconf-editor,desktop,http://www.gnome.org,yes,yes,0,0.99
gcrystal,desktop,http://www.nongnu.org/gchemutils/,0,0,0,0
gcstar,desktop,http://www.gcstar.org/,0,0,0,0
libgda-tools,desktop,http://www.gnome-db.org/GdaBrowser,0,0,0,0
gdesklets,desktop,https://launchpad.net/gdesklets,0,0,0,0.25
gdouros-aegean-fonts,font,http://users.teilar.gr/~g1951d/,0,0,0,0
gdouros-aegyptus-fonts,font,http://users.teilar.gr/~g1951d/,0,0,0,0
gdouros-akkadian-fonts,font,http://users.teilar.gr/~g1951d/,0,0,0,0
gdouros-alexander-fonts,font,http://users.teilar.gr/~g1951d/,0,0,0,0
gdouros-anaktoria-fonts,font,http://users.teilar.gr/~g1951d/,0,0,0,0
gdouros-analecta-fonts,font,http://users.teilar.gr/~g1951d/,0,0,0,0
gdouros-aroania-fonts,font,http://users.teilar.gr/~g1951d/,0,0,0,0
gdouros-asea-fonts,font,http://users.teilar.gr/~g1951d/,0,0,0,0
gdouros-musica-fonts,font,http://users.teilar.gr/~g1951d/,0,0,0,0
gdouros-symbola-fonts,font,http://users.teilar.gr/~g1951d/,0,0,0,0
geany,desktop,http://www.geany.org/,0,0,0,0
geary,desktop,https://wiki.gnome.org/Apps/Geary,0,0,0,0
geda-gattrib,desktop,http://gpleda.org,0,0,0,0
geda-gschem,desktop,http://gpleda.org,0,0,0,0
gedit-plugin-bookmarks,addon,http://live.gnome.org/GeditPlugins,0,0,0,0
gedit-plugin-bracketcompletion,addon,http://live.gnome.org/GeditPlugins,0,0,0,0
gedit-plugin-charmap,addon,http://live.gnome.org/GeditPlugins,0,0,0,0
gedit-code-assistance,addon,http://projects.gnome.org/gedit,0,0,0,0
gedit-plugin-codecomment,addon,http://live.gnome.org/GeditPlugins,0,0,0,0
gedit-plugin-colorpicker,addon,http://live.gnome.org/GeditPlugins,0,0,0,0
gedit-plugin-colorschemer,addon,http://live.gnome.org/GeditPlugins,0,0,0,0
gedit-plugin-commander,addon,http://live.gnome.org/GeditPlugins,0,0,0,0
gedit-plugin-dashboard,addon,http://live.gnome.org/GeditPlugins,0,0,0,0
gedit-plugin-drawspaces,addon,http://live.gnome.org/GeditPlugins,0,0,0,0
gedit-plugin-git,addon,http://live.gnome.org/GeditPlugins,0,0,0,0
gedit-plugin-joinlines,addon,http://live.gnome.org/GeditPlugins,0,0,0,0
gedit-plugin-multiedit,addon,http://live.gnome.org/GeditPlugins,0,0,0,0
gedit-plugin-smartspaces,addon,http://live.gnome.org/GeditPlugins,0,0,0,0
gedit-plugin-synctex,addon,http://live.gnome.org/GeditPlugins,0,0,0,0
gedit-plugin-terminal,addon,http://live.gnome.org/GeditPlugins,0,0,0,0
gedit-plugin-textsize,addon,http://live.gnome.org/GeditPlugins,0,0,0,0
gedit-plugin-wordcompletion,addon,http://live.gnome.org/GeditPlugins,0,0,0,0
gedit-plugin-zeitgeist,addon,http://live.gnome.org/GeditPlugins,0,0,0,0
geeqie,desktop,http://geeqie.sourceforge.net/,0,0,0,0
mono-tools-gendarme,desktop,http://www.mono-project.com/Main_Page,0,0,0,0
gentoo,desktop,http://www.obsession.se/gentoo/,0,0,0,0
geomorph,desktop,http://geomorph.sourceforge.net/,0,0,0,0
gerbv,desktop,http://gerbv.gpleda.org/,0,0,0,0
kicad,desktop,http://www.kicad-pcb.org,0,0,0,0
gfs-ambrosia-fonts,font,http://www.greekfontsociety.gr/pages/en_typefaces_majuscules.html,0,0,0,0
gfs-artemisia-fonts,font,http://www.greekfontsociety.gr/pages/en_typefaces20th.html,0,0,0,0
gfs-baskerville-fonts,font,http://www.greekfontsociety.gr/pages/en_typefaces18th.html,0,0,0,0
gfs-bodoni-fonts,font,http://www.greekfontsociety.gr/pages/en_typefaces20th.html,0,0,0,0
gfs-bodoni-classic-fonts,font,http://www.greekfontsociety.gr/pages/en_typefaces18th.html,0,0,0,0
gfs-complutum-fonts,font,http://www.greekfontsociety.gr/pages/en_typefaces16th.html,0,0,0,0
gfs-decker-fonts,font,http://www.greekfontsociety.gr/pages/en_typefaces19th.html,0,0,0,0
gfs-didot-fonts,font,http://www.greekfontsociety.gr/pages/en_typefaces20th.html,0,0,0,0
gfs-didot-classic-fonts,font,http://www.greekfontsociety.gr/pages/en_typefaces19th.html,0,0,0,0
gfs-eustace-fonts,font,http://www.greekfontsociety.gr/pages/en_typefaces_majuscules.html,0,0,0,0
gfs-fleischman-fonts,font,http://www.greekfontsociety.gr/pages/en_typefaces_majuscules.html,0,0,0,0
gfs-garaldus-fonts,font,http://www.greekfontsociety.gr/pages/en_typefaces_majuscules.html,0,0,0,0
gfs-gazis-fonts,font,http://www.greekfontsociety.gr/pages/en_typefaces18th.html,0,0,0,0
gfs-goschen-fonts,font,http://www.greekfontsociety.gr/pages/en_typefaces19th.html,0,0,0,0
gfs-ignacio-fonts,font,http://www.greekfontsociety.gr/pages/en_typefaces_majuscules.html,0,0,0,0
gfs-jackson-fonts,font,http://www.greekfontsociety.gr/pages/en_typefaces_majuscules.html,0,0,0,0
gfs-neohellenic-fonts,font,http://www.greekfontsociety.gr/pages/en_typefaces20th.html,0,0,0,0
gfs-nicefore-fonts,font,http://www.greekfontsociety.gr/pages/en_typefaces_majuscules.html,0,0,0,0
gfs-olga-fonts,font,http://www.greekfontsociety.gr/pages/en_typefaces20th.html,0,0,0,0
gfs-philostratos-fonts,font,http://www.greekfontsociety.gr/pages/en_typefaces19th.html,0,0,0,0
gfs-theokritos-fonts,font,http://www.greekfontsociety.gr/pages/en_typefaces20th.html,0,0,0,0
ghex,desktop,https://wiki.gnome.org/Apps/Ghex,yes,0,0,0.45
giggle,desktop,https://wiki.gnome.org/Apps/giggle,yes,yes,0,0.73
gimagereader-gtk,desktop,https://github.com/manisandro/gImageReader,0,0,0,0
gimagereader-qt,desktop,https://github.com/manisandro/gImageReader,0,0,0,0
gimagereader,desktop,http://sourceforge.net/projects/gimagereader/,0,0,0,0
gimmix,desktop,http://prianik.co.in/gimmix/,0,0,0,0
gimp-high-pass-filter,addon,http://registry.gimp.org/node/7385,0,0,0,0
gimp-paint-studio,addon,http://code.google.com/p/gps-gimp-paint-studio/,0,0,0,0
gimp,desktop,http://www.gimp.org/,yes,yes,0,0.84
gipfel,desktop,http://www.ecademix.com/JohannesHofmann/gipfel.html,0,0,0,0
git-cola,desktop,http://git-cola.github.io,0,0,0,0
gitg,desktop,https://wiki.gnome.org/Gitg,0,yes,0,0.46
gitso,desktop,http://code.google.com/p/gitso/,0,0,0,0
gjots2,desktop,http://bhepple.freeshell.org/gjots,0,0,0,0
glabels,desktop,http://www.glabels.org,0,0,0,0
glade3,desktop,http://glade.gnome.org/,yes,yes,0,0.34
glade,desktop,http://glade.gnome.org/,yes,yes,0,0.29
GLC_Player,desktop,http://www.glc-player.net/,0,0,0,0
glmark2,desktop,http://launchpad.net/glmark2,0,0,0,0
glmark2,desktop,http://launchpad.net/glmark2,0,0,0,0
glmark2,desktop,http://launchpad.net/glmark2,0,0,0,0
glmark2,desktop,https://launchpad.net/glmark2,0,0,0,0
glob2,desktop,http://globulation2.org/,0,0,0,0
glogg,desktop,http://glogg.bonnefon.org,0,0,0,0
glom,desktop,http://www.glom.org/,yes,0,0,0
gmpc,desktop,http://gmpclient.org/,0,0,0,0
gmsh-common,desktop,http://geuz.org/gmsh/,0,0,0,0
gmusicbrowser,desktop,http://gmusicbrowser.org,0,0,0,0
gnaural,desktop,http://gnaural.sourceforge.net,0,0,0,0
gnofract4d,desktop,http://gnofract4d.sourceforge.net/,0,0,0,0
gnomad2,desktop,http://gnomad2.sourceforge.net,0,0,0,0
gnome-abrt,desktop,https://github.com/abrt/gnome-abrt,0,yes,yes,0.98
gnome-activity-journal,desktop,https://launchpad.net/gnome-activity-journal,0,0,0,0
gnome-calculator,desktop,https://wiki.gnome.org/Apps/Calculator,yes,yes,yes,0.99
gnome-chess,desktop,https://wiki.gnome.org/Apps/Chess,yes,0,0,0.46
gnome-commander,desktop,http://gcmd.github.io/index.html,yes,yes,0,0
gnome-dictionary,desktop,https://wiki.gnome.org/Dictionary,0,0,yes,0.98
gnome-disk-utility,desktop,https://wiki.gnome.org/Design/Apps/Disks,yes,yes,0,0.58
gnome-do,desktop,http://do.cooperteam.net/,yes,0,0,0.53
ekiga,desktop,http://www.ekiga.org/,yes,yes,0,0.93
gnome-genius,desktop,http://www.jirka.org/genius.html,0,0,0,0
gkrellm,desktop,http://www.gkrellm.net/,0,0,0,0
gnome-gmail,desktop,http://gnome-gmail.sourceforge.net,0,0,0,0
gnome-klotski,desktop,https://wiki.gnome.org/Apps/Klotski,yes,yes,0,0.46
gnome-mahjongg,desktop,https://wiki.gnome.org/Apps/Mahjongg,yes,yes,0,0.46
gnome-mines,desktop,https://wiki.gnome.org/Apps/Mines,yes,yes,0,0.46
gnome-music,desktop,https://wiki.gnome.org/Apps/Music,yes,yes,yes,1.0
gnome-nettool,desktop,http://projects.gnome.org/gnome-network/,yes,yes,0,1.0
gnome-nibbles,desktop,https://wiki.gnome.org/Apps/Nibbles,yes,yes,0,0.46
gnome-phone-manager,desktop,https://live.gnome.org/PhoneManager/,yes,0,0,0.48
gnome-pie,desktop,http://gnome-pie.simonschneegans.de/,0,0,0,0
gnome-power-manager,desktop,http://www.gnome.org/projects/gnome-power-manager/,yes,yes,0,0.97
gnome-robots,desktop,https://wiki.gnome.org/Apps/Robots,yes,yes,0,0.46
gnome-schedule,desktop,http://gnome-schedule.sf.net,0,yes,0,0
gnome-search-tool,desktop,https://git.gnome.org/browse/gnome-search-tool/,yes,yes,0,0.93
gnome-subtitles,desktop,http://gnome-subtitles.sourceforge.net/,0,0,0,0.67
gnome-sudoku,desktop,https://wiki.gnome.org/Apps/Sudoku,yes,yes,0,0.46
gnome-system-log,desktop,https://git.gnome.org/browse/gnome-system-log/,yes,yes,0,0.7
gnome-system-monitor,desktop,https://wiki.gnome.org/Apps/SystemMonitor,yes,yes,yes,0.94
gnome-terminal,desktop,https://wiki.gnome.org/Apps/Terminal,yes,yes,yes,0.85
gnome-tetravex,desktop,https://wiki.gnome.org/Apps/Tetravex,yes,yes,0,0.46
gnome-tweak-tool,desktop,https://wiki.gnome.org/GnomeTweakTool,yes,yes,yes,1.0
gnomint,desktop,http://gnomint.sourceforge.net/,0,0,0,0
gnote,desktop,https://wiki.gnome.org/Gnote,yes,yes,0,0.8
gnu-smalltalk,desktop,http://www.gnu.org/software/smalltalk/smalltalk.html,0,0,0,0
gnucash,desktop,http://www.gnucash.org/,0,0,0,0
gnumed,desktop,http://wiki.gnumed.de,0,0,0,0
gnumeric,desktop,http://www.gnumeric.org/,0,0,0,0
gnurobbo,desktop,http://gnurobbo.sf.net/,0,0,0,0
gobby05,desktop,https://github.com/gobby/gobby/wiki,0,0,0,0
gobby,desktop,http://gobby.0x539.de/,0,0,0,0
gogui,desktop,http://gogui.sourceforge.net/,0,0,0,0
goldendict,desktop,http://goldendict.org/,0,0,0,0
gonvert,desktop,http://unihedron.com/projects/gonvert/,0,0,0,0
google-croscore-tinos-fonts,font,,0,0,0,0
google-crosextra-caladea-fonts,font,http://code.google.com/p/chromium/issues/detail?id=168879,0,0,0,0
google-crosextra-carlito-fonts,font,http://code.google.com/p/chromium/issues/detail?id=280557,0,0,0,0
google-droid-kufi-fonts,font,https://android.googlesource.com/,0,0,0,0
google-droid-sans-fonts,font,https://android.googlesource.com/,0,0,0,0
google-droid-sans-mono-fonts,font,https://android.googlesource.com/,0,0,0,0
google-droid-serif-fonts,font,https://android.googlesource.com/,0,0,0,0
google-noto-kufi-arabic-fonts,font,https://code.google.com/p/noto,0,0,0,0.01
google-noto-kufi-arabic-fonts,font,https://code.google.com/p/noto,0,0,0,0
google-noto-naskh-arabic-fonts,font,https://code.google.com/p/noto,0,0,0,0
google-noto-naskh-arabic-ui-fonts,font,https://code.google.com/p/noto,0,0,0,0
google-noto-sans-fonts,font,https://code.google.com/p/noto,0,0,0,0
google-noto-sans-armenian-fonts,font,https://code.google.com/p/noto,0,0,0,0
google-noto-sans-avestan-fonts,font,https://code.google.com/p/noto,0,0,0,0
google-noto-sans-balinese-fonts,font,https://code.google.com/p/noto,0,0,0,0
google-noto-sans-bamum-fonts,font,https://code.google.com/p/noto,0,0,0,0
google-noto-sans-batak-fonts,font,https://code.google.com/p/noto,0,0,0,0
google-noto-sans-bengali-fonts,font,https://code.google.com/p/noto,0,0,0,0
google-noto-sans-bengali-ui-fonts,font,https://code.google.com/p/noto,0,0,0,0
google-noto-sans-brahmi-fonts,font,https://code.google.com/p/noto,0,0,0,0
google-noto-sans-buginese-fonts,font,https://code.google.com/p/noto,0,0,0,0
google-noto-sans-buhid-fonts,font,https://code.google.com/p/noto,0,0,0,0
google-noto-sans-canadian-aboriginal-fonts,font,https://code.google.com/p/noto,0,0,0,0
google-noto-sans-carian-fonts,font,https://code.google.com/p/noto,0,0,0,0
google-noto-sans-cham-fonts,font,https://code.google.com/p/noto,0,0,0,0
google-noto-sans-cherokee-fonts,font,https://code.google.com/p/noto,0,0,0,0
google-noto-sans-coptic-fonts,font,https://code.google.com/p/noto,0,0,0,0
google-noto-sans-cuneiform-fonts,font,https://code.google.com/p/noto,0,0,0,0
google-noto-sans-cypriot-fonts,font,https://code.google.com/p/noto,0,0,0,0
google-noto-sans-deseret-fonts,font,https://code.google.com/p/noto,0,0,0,0
google-noto-sans-devanagari-fonts,font,https://code.google.com/p/noto,0,0,0,0
google-noto-sans-devanagari-ui-fonts,font,https://code.google.com/p/noto,0,0,0,0
google-noto-sans-egyptian-hieroglyphs-fonts,font,https://code.google.com/p/noto,0,0,0,0
google-noto-sans-ethiopic-fonts,font,https://code.google.com/p/noto,0,0,0,0
google-noto-sans-georgian-fonts,font,https://code.google.com/p/noto,0,0,0,0
google-noto-sans-glagolitic-fonts,font,https://code.google.com/p/noto,0,0,0,0
google-noto-sans-gothic-fonts,font,https://code.google.com/p/noto,0,0,0,0
google-noto-sans-gujarati-fonts,font,https://code.google.com/p/noto,0,0,0,0
google-noto-sans-gujarati-ui-fonts,font,https://code.google.com/p/noto,0,0,0,0
google-noto-sans-gurmukhi-fonts,font,https://code.google.com/p/noto,0,0,0,0.01
google-noto-sans-gurmukhi-ui-fonts,font,https://code.google.com/p/noto,0,0,0,0.01
google-noto-sans-hebrew-fonts,font,https://code.google.com/p/noto,0,0,0,0
google-noto-sans-imperial-aramaic-fonts,font,https://code.google.com/p/noto,0,0,0,0
google-noto-sans-inscriptional-pahlavi-fonts,font,https://code.google.com/p/noto,0,0,0,0
google-noto-sans-inscriptional-parthian-fonts,font,https://code.google.com/p/noto,0,0,0,0
google-noto-sans-javanese-fonts,font,https://code.google.com/p/noto,0,0,0,0
google-noto-sans-kaithi-fonts,font,https://code.google.com/p/noto,0,0,0,0
google-noto-sans-kannada-fonts,font,https://code.google.com/p/noto,0,0,0,0
google-noto-sans-kannada-ui-fonts,font,https://code.google.com/p/noto,0,0,0,0
google-noto-sans-kayah-li-fonts,font,https://code.google.com/p/noto,0,0,0,0
google-noto-sans-kharoshthi-fonts,font,https://code.google.com/p/noto,0,0,0,0
google-noto-sans-lao-ui-fonts,font,https://code.google.com/p/noto,0,0,0,0
google-noto-sans-lepcha-fonts,font,https://code.google.com/p/noto,0,0,0,0
google-noto-sans-limbu-fonts,font,https://code.google.com/p/noto,0,0,0,0
google-noto-sans-lisu-fonts,font,https://code.google.com/p/noto,0,0,0,0
google-noto-sans-lycian-fonts,font,https://code.google.com/p/noto,0,0,0,0
google-noto-sans-lydian-fonts,font,https://code.google.com/p/noto,0,0,0,0
google-noto-sans-malayalam-fonts,font,https://code.google.com/p/noto,0,0,0,0
google-noto-sans-malayalam-ui-fonts,font,https://code.google.com/p/noto,0,0,0,0
google-noto-sans-mandaic-fonts,font,https://code.google.com/p/noto,0,0,0,0
google-noto-sans-mongolian-fonts,font,https://code.google.com/p/noto,0,0,0,0
google-noto-sans-myanmar-fonts,font,https://code.google.com/p/noto,0,0,0,0
google-noto-sans-myanmar-ui-fonts,font,https://code.google.com/p/noto,0,0,0,0
google-noto-sans-new-tai-lue-fonts,font,https://code.google.com/p/noto,0,0,0,0
google-noto-sans-nko-fonts,font,https://code.google.com/p/noto,0,0,0,0
google-noto-sans-ogham-fonts,font,https://code.google.com/p/noto,0,0,0,0
google-noto-sans-ol-chiki-fonts,font,https://code.google.com/p/noto,0,0,0,0
google-noto-sans-old-italic-fonts,font,https://code.google.com/p/noto,0,0,0,0
google-noto-sans-old-persian-fonts,font,https://code.google.com/p/noto,0,0,0,0
google-noto-sans-old-south-arabian-fonts,font,https://code.google.com/p/noto,0,0,0,0
google-noto-sans-old-turkic-fonts,font,https://code.google.com/p/noto,0,0,0,0
google-noto-sans-osmanya-fonts,font,https://code.google.com/p/noto,0,0,0,0
google-noto-sans-phags-pa-fonts,font,https://code.google.com/p/noto,0,0,0,0
google-noto-sans-phoenician-fonts,font,https://code.google.com/p/noto,0,0,0,0
google-noto-sans-rejang-fonts,font,https://code.google.com/p/noto,0,0,0,0
google-noto-sans-runic-fonts,font,https://code.google.com/p/noto,0,0,0,0
google-noto-sans-samaritan-fonts,font,https://code.google.com/p/noto,0,0,0,0
google-noto-sans-saurashtra-fonts,font,https://code.google.com/p/noto,0,0,0,0
google-noto-sans-shavian-fonts,font,https://code.google.com/p/noto,0,0,0,0
google-noto-sans-sinhala-fonts,font,https://code.google.com/p/noto,0,0,0,0
google-noto-sans-sundanese-fonts,font,https://code.google.com/p/noto,0,0,0,0
google-noto-sans-syloti-nagri-fonts,font,https://code.google.com/p/noto,0,0,0,0
google-noto-sans-symbols-fonts,font,https://code.google.com/p/noto,0,0,0,0
google-noto-sans-syriac-eastern-fonts,font,https://code.google.com/p/noto,0,0,0,0
google-noto-sans-syriac-estrangela-fonts,font,https://code.google.com/p/noto,0,0,0,0
google-noto-sans-syriac-western-fonts,font,https://code.google.com/p/noto,0,0,0,0
google-noto-sans-tagalog-fonts,font,https://code.google.com/p/noto,0,0,0,0
google-noto-sans-tagbanwa-fonts,font,https://code.google.com/p/noto,0,0,0,0
google-noto-sans-tai-le-fonts,font,https://code.google.com/p/noto,0,0,0,0
google-noto-sans-tai-tham-fonts,font,https://code.google.com/p/noto,0,0,0,0
google-noto-sans-tai-viet-fonts,font,https://code.google.com/p/noto,0,0,0,0
google-noto-sans-tamil-fonts,font,https://code.google.com/p/noto,0,0,0,0
google-noto-sans-tamil-ui-fonts,font,https://code.google.com/p/noto,0,0,0,0
google-noto-sans-telugu-fonts,font,https://code.google.com/p/noto,0,0,0,0
google-noto-sans-telugu-ui-fonts,font,https://code.google.com/p/noto,0,0,0,0
google-noto-sans-thai-fonts,font,https://code.google.com/p/noto,0,0,0,0
google-noto-sans-thai-ui-fonts,font,https://code.google.com/p/noto,0,0,0,0
google-noto-sans-tifinagh-fonts,font,https://code.google.com/p/noto,0,0,0,0
google-noto-sans-ugaritic-fonts,font,https://code.google.com/p/noto,0,0,0,0
google-noto-sans-ui-fonts,font,https://code.google.com/p/noto,0,0,0,0
google-noto-sans-vai-fonts,font,https://code.google.com/p/noto,0,0,0,0
google-noto-sans-yi-fonts,font,https://code.google.com/p/noto,0,0,0,0
google-noto-serif-fonts,font,https://code.google.com/p/noto,0,0,0,0
google-noto-serif-armenian-fonts,font,https://code.google.com/p/noto,0,0,0,0
google-noto-serif-georgian-fonts,font,https://code.google.com/p/noto,0,0,0,0
google-noto-serif-khmer-fonts,font,https://code.google.com/p/noto,0,0,0,0
google-noto-serif-lao-fonts,font,https://code.google.com/p/noto,0,0,0,0
google-noto-serif-thai-fonts,font,https://code.google.com/p/noto,0,0,0,0
google-roboto-condensed-fonts,font,https://www.google.com/fonts/specimen/Roboto,0,0,0,0
google-roboto-condensed-fonts,font,https://www.google.com/fonts/specimen/Roboto,0,0,0,0
google-roboto-mono-fonts,font,https://www.google.com/fonts/specimen/Roboto+Mono,0,0,0,0
google-roboto-slab-fonts,font,https://www.google.com/fonts/specimen/Roboto+Slab,0,0,0,0
gourmet,desktop,http://thinkle.github.io/gourmet/,0,0,0,0
gparted,desktop,http://gparted.org,0,yes,0,0.7
gphotoframe,desktop,https://code.google.com/p/gphotoframe/,0,0,0,0
gphpedit,desktop,http://www.gphpedit.org/,0,0,0,0
gpick,desktop,https://code.google.com/p/gpick/,0,0,0,0
gnome-packagekit-installer,desktop,http://www.packagekit.org/,yes,yes,yes,0
gnome-packagekit-updater,desktop,http://www.packagekit.org/,yes,yes,yes,0
gpodder,desktop,http://gpodder.org/,0,0,0,0
gpredict,desktop,http://groundstation.sourceforge.net/gpredict/,0,0,0,0
gpsbabel-gui,desktop,http://www.gpsbabel.org,0,0,0,0
gpsdrive,desktop,http://www.gpsdrive.de/index.shtml,0,0,0,0.64
gpsim,desktop,http://gpsim.sourceforge.net,0,0,0,0
gpx-viewer,desktop,https://edge.launchpad.net/gpx-viewer,0,0,0,0
gqrx,desktop,http://gqrx.dk/,0,0,0,0
gramps,desktop,http://gramps-project.org/,0,0,0,0
rasmol-gtk,desktop,http://www.rasmol.org,0,0,0,0
grass,desktop,http://grass.osgeo.org/,0,0,0,0
gretl,desktop,http://gretl.sourceforge.net/,0,0,0,0
grig,desktop,http://groundstation.sourceforge.net/grig/,0,0,0,0
grimmer-proggy-tinysz-fonts,font,http://proggyfonts.com/,0,0,0,0
grisbi,desktop,http://www.grisbi.org,0,0,0,0
groovy,desktop,http://groovy.codehaus.org/,0,0,0,0
grsync,desktop,http://www.opbyte.it/grsync/,0,0,0,0
gscan2pdf,desktop,http://gscan2pdf.sourceforge.net/,0,0,0,0
gsmartcontrol,desktop,http://gsmartcontrol.berlios.de/home/index.php/en/Home,0,0,0,0
gspectrum,desktop,http://www.nongnu.org/gchemutils/,0,0,0,0
gst-inspector,desktop,http://renestadler.de/projects/gst-inspector,0,0,0,0
gstreamer1-plugins-bad-free,codec,http://gstreamer.freedesktop.org/,0,0,0,0
gstreamer1-plugins-bad-freeworld,codec,http://gstreamer.freedesktop.org/,0,0,0,0
gstreamer1-plugins-base,codec,http://gstreamer.freedesktop.org/,0,0,0,0
gstreamer-plugins-espeak,codec,http://gstreamer.freedesktop.org/,0,0,0,0
gstreamer1-plugins-good,codec,http://gstreamer.freedesktop.org/,0,0,0,0
gstreamer1-libav,codec,http://gstreamer.freedesktop.org/,0,0,0,0
gstreamer1-plugins-ugly,codec,http://gstreamer.freedesktop.org/,0,0,0,0
gtg,desktop,https://wiki.gnome.org/gtg/,0,0,0,0
gthumb,desktop,https://wiki.gnome.org/Apps/gthumb,yes,yes,0,0.68
gtick,desktop,http://www.antcom.de/gtick/,0,0,0,0
gtimelog,desktop,https://mg.pov.lt/gtimelog/,0,0,0,0
gtk-gnutella,desktop,http://gtk-gnutella.sourceforge.net,0,0,0,0
gtk-v4l,desktop,http://fedorahosted.org/gtk-v4l,0,0,0,0
gtkpod,desktop,http://www.gtkpod.org/,0,0,0,0
gtkterm,desktop,https://fedorahosted.org/gtkterm/,0,0,0,0
gtkwave,desktop,http://gtkwave.sourceforge.net/,0,0,0,0
gtranslator,desktop,http://projects.gnome.org/gtranslator/,0,0,0,0.77
guake,desktop,http://www.guake.org/,0,0,0,0.41
guayadeque,desktop,http://guayadeque.org/,0,0,0,0
gucharmap,desktop,https://wiki.gnome.org/Apps/Gucharmap,yes,yes,yes,1.0
guitarix,desktop,http://guitarix.sourceforge.net/,0,0,0,0
guitone,desktop,https://guitone.thomaskeller.biz/,0,0,0,0
gummi,desktop,http://gummi.midnightcoding.org,0,0,0,0
vim-X11,desktop,http://www.vim.org/,0,0,0,0
gvrng,desktop,http://gvr.sourceforge.net,0,0,0,0
gweled,desktop,http://launchpad.net/gweled,0,0,0,0
gwenview,desktop,http://gwenview.kde.org/,yes,yes,0,0
gwget,desktop,http://gnome.org/projects/gwget,0,0,0,0.53
gwibber,desktop,http://gwibber.com//,yes,yes,0,0.79
gxneur,desktop,http://www.xneur.ru,0,0,0,0
hamster-time-tracker,desktop,http://projecthamster.wordpress.com/,yes,yes,0,0.99
hanazono-fonts,font,http://fonts.jp/hanazono/,0,0,0,0
ibus-handwrite-ja,inputmethod,http://code.google.com/p/ibus-handwrite/,0,0,0,0
ibus-handwrite-zh_CN,inputmethod,http://code.google.com/p/ibus-handwrite/,0,0,0,0
ibus-hangul,inputmethod,http://code.google.com/p/ibus/,0,0,0,0
harmonyseq,desktop,http://harmonyseq.wordpress.com/,0,0,0,0
hatari,desktop,http://hatari.tuxfamily.org/,0,0,0,0
hatari-ui,desktop,http://hatari.tuxfamily.org/,0,0,0,0
haxima,desktop,http://myweb.cableone.net/gmcnutt/nazghul.html,0,0,0,0
hdfview,desktop,http://www.hdfgroup.org/hdf-java-html/,0,0,0,0
heimdall-frontend,desktop,http://glassechidna.com.au/heimdall/,0,0,0,0
hex-a-hop,desktop,https://sourceforge.net/projects/hexahop,0,0,0,0
hexalate,desktop,http://gottcode.org/hexalate/,0,0,0,0
hexchat,desktop,http://hexchat.github.io,0,0,0,0.64
hgview,desktop,http://www.logilab.org/project/hgview,0,0,0,0
hitori,desktop,https://wiki.gnome.org/Apps/Hitori,yes,yes,0,0.78
homebank,desktop,http://homebank.free.fr,0,0,0,0
htmldoc,desktop,http://www.htmldoc.org/,0,0,0,0
hugin,desktop,http://hugin.sourceforge.net/,0,0,0,0
alsa-tools,desktop,http://www.alsa-project.org/,0,0,0,0
hydrogen,desktop,http://www.hydrogen-music.org/,0,0,0,0
iagno,desktop,https://wiki.gnome.org/Apps/Iagno,yes,yes,0,0.46
iapetal,desktop,http://iapetal.sourceforge.net,0,0,0,0
icecat,desktop,http://www.gnu.org/software/gnuzilla/,0,0,0,0
icedtea-web,addon,http://icedtea.classpath.org/wiki/IcedTea-Web,0,0,0,0
idjc,desktop,http://idjc.sourceforge.net,0,0,0,0
python3-iep,desktop,http://iep-project.org,0,0,0,0
ignuit,desktop,http://crash.ihug.co.nz/~trmusson/programs.html,0,0,0,0
ike,desktop,http://www.shrew.net/,0,0,0,0
mono-tools-ilcontrast,desktop,http://www.mono-project.com/Main_Page,0,0,0,0
imagej,desktop,http://rsbweb.nih.gov/ij/index.html,0,0,0,0
impallari-lobster-fonts,font,http://www.impallari.com/lobster/,0,0,0,0
inkboy-fonts,font,http://inkboy.fr/html/telechargement-ressources.php,0,0,0,0
inkscape,desktop,http://inkscape.org/,0,yes,0,0
ibus-input-pad,inputmethod,http://code.google.com/p/ibus/,0,0,0,0
insight,desktop,http://sources.redhat.com/insight/,0,0,0,0
iok,desktop,http://iok.sourceforge.net,yes,yes,0,1.0
ibus-table-latin,inputmethod,https://github.com/mike-fabian/ibus-table-others,0,0,0,0
ircp-tray,desktop,https://launchpad.net/ircp-tray,0,0,0,0
isomaster,desktop,http://littlesvr.ca/isomaster/,0,0,0,0.25
jaaa,desktop,http://kokkinizita.linuxaudio.org/,0,0,0,0
jabref,desktop,http://jabref.sourceforge.net/,0,0,0,0
jack_capture,desktop,http://www.musix.org.ar/wiki/index.php/Jack_capture,0,0,0,0
jam-control,desktop,https://gitorious.org/jam-control,0,0,0,0
jamin,desktop,http://jamin.sourceforge.net,0,0,0,0
japa,desktop,http://kokkinizita.linuxaudio.org/,0,0,0,0
java-wakeonlan,desktop,http://www.moldaner.de/wakeonlan,0,0,0,0
jaxodraw,desktop,http://jaxodraw.sourceforge.net/,0,0,0,0
jd,desktop,http://jd4linux.sourceforge.jp/,0,0,0,0
jflex,desktop,http://jflex.de/,0,0,0,0
jkmeter,desktop,http://kokkinizita.linuxaudio.org/,0,0,0,0
jmol,desktop,http://jmol.sourceforge.net,0,0,0,0
jomolhari-fonts,font,https://sites.google.com/site/chrisfynn2/home/fonts/jomolhari,0,0,0,0
josm,desktop,https://josm.openstreetmap.de,0,0,0,0
jpanoramamaker,desktop,http://jpanoramamaker.wz.cz/,0,0,0,0
juffed,desktop,http://www.juffed.com/,0,0,0,0
juk,desktop,http://juk.kde.org/,yes,0,0,0
julia,desktop,http://julialang.org/,0,0,0,0
k3b,desktop,http://www.k3b.org/,0,0,0,0
k3d,desktop,http://www.k-3d.org/,0,0,0,0
k4dirstat,desktop,https://bitbucket.org/jeromerobert/k4dirstat/wiki/Home,0,0,0,0
kacst-art-fonts,font,http://www.arabeyes.org/resources.php,0,0,0,0
kajongg,desktop,http://www.kde.org/applications/games/kajongg/,yes,0,0,0
kalapi-fonts,font,https://github.com/gujaratilexicon,0,0,0,0
kalgebra,desktop,http://edu.kde.org/kalgebra/,yes,0,0,0
kalzium,desktop,http://edu.kde.org/kalzium/,yes,yes,0,0
kamoso,desktop,https://projects.kde.org/projects/extragear/multimedia/kamoso/,yes,yes,0,0.73
kanagram,desktop,http://edu.kde.org/kanagram/,yes,0,0,0
kanjistrokeorders-fonts,font,http://sites.google.com/site/nihilistorguk/,0,0,0,0
kanyremote,desktop,http://anyremote.sourceforge.net,0,0,0,0
kapman,desktop,https://projects.kde.org/projects/kde/kdegames/kapman,0,0,0,0
kapow,desktop,http://gottcode.org/kapow/,0,0,0,0
calligra-karbon,desktop,http://www.calligra-suite.org/,0,0,0,0
kaudiocreator,desktop,http://kde-apps.org/content/show.php?content=107645,yes,yes,0,0.8
kbackup,desktop,http://www.kde-apps.org/content/show.php?content=44998,0,0,0,0
kbibtex,desktop,http://home.gna.org/kbibtex/,0,0,0,0
kbruch,desktop,http://edu.kde.org/kbruch/,yes,yes,0,0
kcachegrind,desktop,https://projects.kde.org/projects/kde/kdesdk/kcachegrind,0,0,0,0
kdbg,desktop,http://www.kdbg.org/,0,0,0,0
kdesvn,desktop,https://projects.kde.org/projects/playground/devtools/kdesvn,0,0,0,0
kdiff3,desktop,http://kdiff3.sourceforge.net/,0,0,0,0
kdocker,desktop,https://github.com/user-none/KDocker,0,0,0,0
keepass,desktop,http://keepass.info/,0,0,0,0
kernelshark,desktop,http://git.kernel.org/?p=linux/kernel/git/rostedt/trace-cmd.git;a=summary,0,0,0,0
calligra-kexi,desktop,http://www.calligra-suite.org/,0,0,0,0
kfind,desktop,https://projects.kde.org/projects/kde/kde-baseapps,yes,yes,0,0
kflickr,desktop,http://kflickr.sourceforge.net,0,0,0,0
kgeography,desktop,https://projects.kde.org/projects/kde/kdeedu/kgeography,yes,yes,0,0
kgpg,desktop,http://utils.kde.org/projects/kgpg/,0,yes,0,0
kgraphviewer,desktop,https://projects.kde.org/projects/extragear/graphics/kgraphviewer,0,yes,0,0
kgraphviewer,desktop,http://extragear.kde.org/apps/kgraphviewer/,0,yes,0,0
khangman,desktop,http://edu.kde.org/khangman/,yes,yes,0,0
kicad,desktop,http://www.kicad-pcb.org,0,0,0,0
kid3-qt,desktop,http://kid3.sourceforge.net/,0,0,0,0
kid3,desktop,http://kid3.sourceforge.net/,0,0,0,0
kig,desktop,http://edu.kde.org/kig/,yes,yes,0,0
kile,desktop,http://kile.sourceforge.net/,yes,yes,0,0
kismon,desktop,http://www.salecker.org/software/kismon/en,0,0,0,0
kiten,desktop,http://edu.kde.org/kiten/,0,0,0,0
ibus-kkc,inputmethod,https://bitbucket.org/libkkc/libkkc/,0,0,0,0
klatexformula,desktop,http://klatexformula.sourceforge.net/,0,0,0,0
klettres,desktop,http://edu.kde.org/klettres/,yes,yes,0,0
kde-workspace,desktop,https://projects.kde.org/projects/kde/kde-workspace,yes,yes,0,0
klog,desktop,http://jaime.robles.es/eklog.php,0,0,0,0
kmess,desktop,http://www.kmess.org/,0,0,0,0
kmetronome,desktop,http://kmetronome.sourceforge.net,0,0,0,0
kmldonkey,desktop,http://userbase.kde.org/KMLDonkey,0,0,0,0
kmousetool,desktop,http://accessibility.kde.org/,yes,yes,0,0
kmplayer,desktop,http://kmplayer.kde.org/,yes,yes,0,0
kmplot,desktop,http://edu.kde.org/kmplot/,0,yes,0,0
kmymoney,desktop,http://www.kmymoney.org,0,0,0,0
knapsen,desktop,http://kde-apps.org/content/show.php/Knapsen?content=158488,0,0,0,0
kollision,desktop,https://projects.kde.org/projects/kde/kdegames/kollision,0,0,0,0
kolourpaint,desktop,http://www.kolourpaint.org/,yes,0,0,0
kopete,desktop,http://kopete.kde.org/,yes,yes,0,0
korganizer,desktop,http://www.kde.org/,yes,yes,0,0
kover,desktop,http://lisas.de/kover/,0,0,0,0
kradio4,desktop,http://kradio.sourceforge.net/,0,0,0,0
krb5-auth-dialog,desktop,https://honk.sigxcpu.org/piki/projects/krb5-auth-dialog/,0,yes,0,0.71
krecipes,desktop,http://krecipes.sourceforge.net/,0,0,0,0
krename,desktop,http://www.krename.net/,0,0,0,0
calligra-krita,desktop,xxhttp://www.krita.org/xx,0,0,0,0
krop,desktop,http://arminstraub.com/software/krop,0,0,0,0
krusader,desktop,http://www.krusader.org/,yes,yes,0,0
kshutdown,desktop,http://kshutdown.sourceforge.net/,0,0,0,0
kstars,desktop,http://edu.kde.org/kstars/,yes,yes,0,0
ksudoku,desktop,https://projects.kde.org/projects/kde/kdegames/ksudoku,yes,0,0,0
ktikz,desktop,http://www.hackenberger.at/blog/ktikz-editor-for-the-tikz-language,0,0,0,0
kmail,desktop,http://www.kde.org/,0,0,0,0
ktouch,desktop,http://edu.kde.org/ktouch/,yes,0,0,0
ktp-contact-list,desktop,https://projects.kde.org/projects/extragear/network/telepathy/ktp-contact-list,0,0,0,0
ktp-text-ui,desktop,https://projects.kde.org/projects/extragear/network/telepathy/ktp-text-ui,0,0,0,0
kturtle,desktop,http://edu.kde.org/kturtle/,0,0,0,0
kubrick,desktop,https://projects.kde.org/projects/kde/kdegames/kubrick,0,0,0,0
kurdit-unikurd-web-fonts,font,http://www.kurditgroup.org/node/1337,0,0,0,0
kvirc,desktop,http://kvirc.net/,0,0,0,0
kwordquiz,desktop,http://edu.kde.org/kwordquiz/,0,0,0,0
kxstitch,desktop,http://kxstitch.sourceforge.net,0,0,0,0
l3afpad,desktop,http://www.calno.com/l3afpad/,0,0,0,0
labyrinth,desktop,https://github.com/labyrinth-team/labyrinth,0,0,0,0
latexila,desktop,https://wiki.gnome.org/Apps/LaTeXila,0,0,0,0
lato-fonts,font,http://www.latofonts.com/,0,0,0,0
launchy,desktop,http://www.launchy.net,0,0,0,0
lazarus,desktop,http://www.lazarus.freepascal.org/,0,0,0,0
lbrickbuster2,desktop,http://lgames.sourceforge.net/index.php?project=LBreakout2,0,0,0,0
leafpad,desktop,http://tarot.freeshell.org/leafpad/,0,0,0,0
lekhonee-gnome,desktop,http://fedorahosted.org/lekhonee,0,0,0,0
leksah,desktop,http://hackage.haskell.org/package/leksah,0,0,0,0
levien-inconsolata-fonts,font,http://www.levien.com/type/myfonts/inconsolata.html,0,0,0,0
levien-museum-fonts,font,http://levien.com/type/myfonts/museum.html,0,0,0,0
liberation-fonts-common,font,http://fedorahosted.org/liberation-fonts/,0,0,0,0
linux-libertine-fonts,font,http://linuxlibertine.sf.net,0,0,0,0
google-talkplugin,addon,https://www.google.com/tools/dlpage/hangoutplugin,0,0,0,0
ibus-libpinyin,inputmethod,https://github.com/libpinyin/ibus-libpinyin,0,0,0,0
librecad,desktop,http://librecad.org/,0,0,0,0
libreoffice-base,desktop,http://www.libreoffice.org/features/base/,0,0,0,0
libreoffice-calc,desktop,http://www.libreoffice.org/features/calc/,0,0,0,0
libreoffice-draw,desktop,http://www.libreoffice.org/features/draw/,0,0,0,0
libreoffice-impress,desktop,http://www.libreoffice.org/features/impress/,0,0,0,0
libreoffice-writer,desktop,http://www.libreoffice.org/features/writer/,0,0,0,0
ibus-libzhuyin,inputmethod,https://github.com/libzhuyin/ibus-libzhuyin,0,0,0,0
lifeograph,desktop,http://lifeograph.wikidot.com/start,0,0,0,0
liferea,desktop,http://lzone.de/liferea/,0,0,0,0
lightsoff,desktop,https://wiki.gnome.org/Apps/Lightsoff,yes,yes,0,0.46
lilyterm,desktop,http://lilyterm.luna.com.tw,0,0,0,0
lincity-ng,desktop,http://sourceforge.net/projects/lincity-ng.berlios/,0,0,0,0
lingot,desktop,http://lingot.wikidot.com/start,0,0,0,0
links,desktop,http://links.twibright.com/,0,0,0,0
linphone,desktop,http://www.linphone.org/,0,0,0,0
linpsk,desktop,http://linpsk.sourceforge.net/,0,0,0,0
liveusb-creator,desktop,https://fedorahosted.org/liveusb-creator/,0,0,0,0.59
lmms,desktop,http://lmms.sourceforge.net/,0,0,0,0
lohit-assamese-fonts,font,https://fedorahosted.org/lohit/,0,0,0,0
lohit-bengali-fonts,font,https://fedorahosted.org/lohit/,0,0,0,0
lohit-devanagari-fonts,font,https://fedorahosted.org/lohit/,0,0,0,0
lohit-gujarati-fonts,font,https://fedorahosted.org/lohit/,0,0,0,0
lohit-gurmukhi-fonts,font,https://fedorahosted.org/lohit/,0,0,0,0.01
lohit-kannada-fonts,font,https://fedorahosted.org/lohit/,0,0,0,0
lohit-malayalam-fonts,font,https://fedorahosted.org/lohit/,0,0,0,0
lohit-marathi-fonts,font,https://fedorahosted.org/lohit/,0,0,0,0
lohit-nepali-fonts,font,https://fedorahosted.org/lohit/,0,0,0,0
lohit-odia-fonts,font,https://fedorahosted.org/lohit/,0,0,0,0
lohit-tamil-fonts,font,https://fedorahosted.org/lohit/,0,0,0,0
lohit-telugu-fonts,font,https://fedorahosted.org/lohit/,0,0,0,0
lonote,desktop,https://bitbucket.org/civalin/lonote,0,0,0,0
lookup,desktop,http://www.dnssec-tools.org/,0,0,0,0
loook,desktop,http://www.danielnaber.de/loook/,0,0,0,0
lordsawar,desktop,http://savannah.nongnu.org/projects/lordsawar,0,0,0,0
lordsawar,desktop,http://www.nongnu.org/lordsawar/,0,0,0,0
lpf,desktop,https://github.com/leamas/lpf,0,0,0,0
lpf,desktop,https://github.com/leamas/lpf,0,0,0,0
lpf,desktop,https://github.com/leamas/lpf,0,0,0,0
lshw-gui,desktop,http://ezix.org/project/wiki/HardwareLiSter,0,0,0,0
lttv,desktop,http://lttng.org/lttv,0,0,0,0
luckybackup,desktop,http://luckybackup.sourceforge.net/index.html,0,0,0,0
luma,desktop,http://www.sourceforge.net/projects/luma,0,0,0,0
luminance-hdr,desktop,http://qtpfsgui.sourceforge.net/,0,0,0,0
openav-luppp,desktop,http://openavproductions.com/luppp,0,0,0,0
LuxRender,desktop,http://www.luxrender.net,0,0,0,0
lv2-amsynth-plugin,addon,http://amsynth.github.io/,0,0,0,0
lxmusic,desktop,http://lxde.org,0,0,0,0
lxtask,desktop,http://lxde.sourceforge.net/,yes,yes,0,0.98
lxterminal,desktop,http://lxde.sourceforge.net/,0,0,0,0
lyx-fonts,font,http://www.lyx.org/,0,0,0,0
lyx-common,desktop,http://www.lyx.org,0,0,0,0
ibus-m17n,inputmethod,https://github.com/ibus/ibus-m17n,0,0,0,0
mMass,desktop,http://www.mmass.org/,0,0,0,0
magic,desktop,http://opencircuitdesign.com/magic/index.html,0,0,0,0
mailnag,desktop,https://github.com/pulb/mailnag,0,0,0,0
manaplus,desktop,http://manaplus.org/,0,0,0,0
manchu-fonts,font,http://sourceforge.net/projects/manchufont/,0,0,0,0
mandelbulber,desktop,http://www.mandelbulber.com/,0,0,0,0
marsshooter,desktop,http://mars-game.sourceforge.net/,0,0,0,0
mate-calc,desktop,http://mate-desktop.org,0,yes,0,0.98
mate-dictionary,desktop,http://mate-desktop.org,yes,yes,0,0.93
mate-disk-usage-analyzer,desktop,http://mate-desktop.org,yes,yes,0,0.93
mate-power-manager,desktop,http://pub.mate-desktop.org,yes,yes,0,0.99
mate-screenshot,desktop,http://mate-desktop.org,yes,yes,0,0.93
mate-search-tool,desktop,http://mate-desktop.org,yes,yes,0,0.93
mate-system-monitor,desktop,http://mate-desktop.org,0,yes,0,1.0
mate-terminal,desktop,http://mate-desktop.org,yes,yes,0,0.66
mathomatic,desktop,http://www.mathomatic.org/math/,0,0,0,0
ibus-table-mathwriter,inputmethod,https://github.com/mike-fabian/ibus-table-others,0,0,0,0
Mayavi,desktop,http://code.enthought.com/projects/mayavi/,0,0,0,0
mcomix,desktop,http://mcomix.sourceforge.net/,0,0,0,0
mcu8051ide,desktop,http://www.moravia-microsystems.com/mcu-8051-ide/,0,0,0,0
mediainfo-gui,desktop,http://mediaarea.net/MediaInfo,0,0,0,0
megaglest,desktop,http://megaglest.org/,0,0,0,0
meld,desktop,http://meldmerge.org,0,0,0,0.31
memaker,desktop,https://launchpad.net/memaker,0,0,0,0
metamorphose2,desktop,http://sourceforge.net/projects/file-folder-ren/,0,0,0,0
methane,desktop,http://methane.sourceforge.net/,0,0,0,0
metromap,desktop,http://metromap.antex.ru/,0,0,0,0
midori,desktop,http://www.midori-browser.org/,yes,0,0,0
milkytracker,desktop,http://www.milkytracker.net/,0,0,0,0
mindless,desktop,,0,0,0,0
minetest,desktop,http://minetest.net,0,0,0,0
mirage,desktop,http://mirageiv.berlios.de/,0,0,0,0
mj,desktop,http://mahjong.julianbradfield.org/,0,0,0,0
mldonkey-gui,desktop,http://mldonkey.sourceforge.net,0,0,0,0
mnemosyne,desktop,http://www.mnemosyne-proj.org/,0,0,0,0
modem-manager-gui,desktop,http://linuxonly.ru/cms/page.php?7,0,0,0,0
mona-sazanami-fonts,font,http://monafont.sourceforge.net/,0,0,0,0
monkeystudio,desktop,http://www.monkeystudio.org/,0,0,0,0
monobristol,desktop,http://www.dacr.hu/monobristol/,0,0,0,0
monodevelop,desktop,http://monodevelop.com/,0,0,0,0
mono-tools,desktop,http://www.mono-project.com/Main_Page,0,0,0,0
moserial,desktop,http://live.gnome.org/moserial/,0,0,0,0
motoya-lcedar-fonts,font,http://android.git.kernel.org/?p=platform/frameworks/base.git;a=tree;f=data/fonts,0,0,0,0
motoya-lmaru-fonts,font,http://android.git.kernel.org/?p=platform/frameworks/base.git;a=tree;f=data/fonts,0,0,0,0
mousepad,desktop,http://git.xfce.org/apps/mousepad/,0,0,0,0
moyogo-molengo-fonts,font,http://code.google.com/p/molengo-fonts/,0,0,0,0
ibus-mozc,inputmethod,https://code.google.com/p/ibus/,0,0,0,0
mozilla-adblockplus,addon,https://adblockplus.org/,0,0,0,0
mozilla-https-everywhere,addon,https://eff.org/https-everywhere,0,0,0,0
thunderbird,desktop,http://www.mozilla.org/thunderbird/,0,0,0,0
mscore-fonts,font,http://musescore.org/en,0,0,0,0
mscore,desktop,http://musescore.org/en,0,0,0,0
msimonson-anonymouspro-fonts,font,http://www.ms-studio.com/FontSales/anonymouspro.html,0,0,0,0
mtpaint,desktop,http://mtpaint.sourceforge.net/,0,0,0,0
muse,desktop,http://www.muse-sequencer.org/,0,0,0,0
musique,desktop,http://flavio.tordini.org/musique,0,0,0,0
cave9-mutante-fonts,font,http://code.google.com/p/cave9,0,0,0,0
myanmar3-unicode-fonts,font,http://www.myanmarnlp.net.mm,0,0,0,0
mygui-tools,desktop,http://mygui.info/,0,0,0,0
mypaint-data,desktop,http://mypaint.intilinux.com/,0,0,0,0
myrtle,desktop,http://sourceforge.net/projects/myrtle,0,0,0,0
naev,desktop,http://code.google.com/p/naev/,0,0,0,0
nafees-tehreer-naskh-fonts,font,http://www.crulp.org/index.htm,0,0,0,0
nagstamon,desktop,http://nagstamon.ifw-dresden.de/,0,0,0,0
navilu-fonts,font,https://github.com/aravindavk/Navilu,0,0,0,0
nemiver,desktop,https://projects.gnome.org/nemiver/,0,0,0,0
nemo,desktop,https://github.com/linuxmint/nemo,yes,yes,0,0
nested,desktop,http://nestededitor.sourceforge.net/,0,0,0,0
netactview,desktop,http://netactview.sourceforge.net/,0,0,0,0
netgen-mesher-common,desktop,http://sourceforge.net/projects/netgen-mesher/,0,0,0,0
netpanzer,desktop,http://netpanzer.berlios.de,0,0,0,0
nfoview,desktop,http://home.gna.org/nfoview/,0,0,0,0
nip2,desktop,http://www.vips.ecs.soton.ac.uk,0,0,0,0
nomacs,desktop,http://nomacs.org,0,0,0,0
non-mixer,desktop,http://non.tuxfamily.org/,0,0,0,0
non-sequencer,desktop,http://non.tuxfamily.org/,0,0,0,0
non-daw,desktop,http://non.tuxfamily.org/,0,0,0,0
novprog,desktop,http://gottcode.org/novprog/,0,0,0,0
ns-bola-fonts,font,http://www.nuevostudio.com/project/bola/,0,0,0,0
ns-tiza-chalk-fonts,font,http://www.nuevostudio.com/project/tiza/,0,0,0,0
numptyphysics,desktop,http://thp.io/2015/numptyphysics/,0,0,0,0
nut-client,desktop,http://www.networkupstools.org/,0,0,0,0
nuvolaplayer,desktop,http://nuvolaplayer.fenryxo.cz/home.html,0,0,0,0
openbabel-gui,desktop,http://openbabel.org/,0,0,0,0
office-runner,desktop,http://www.hadess.net/2011/09/omg-i-haz-designed-bug-fix.html,0,0,0,0
oflb-asana-math-fonts,font,http://www.ctan.org/tex-archive/fonts/Asana-Math/,0,0,0,0
oflb-brett-fonts,font,http://openfontlibrary.org/media/files/brettalton/205,0,0,0,0
oflb-dignas-handwriting-fonts,font,http://openfontlibrary.org/media/files/phranzysko/407,0,0,0,0
oflb-goudy-bookletter-1911-fonts,font,http://home.comcast.net/~crudfactory/cf3/gb1911.html,0,0,0,0
oflb-notcouriersans-fonts,font,http://openfontlibrary.org/media/files/OSP/411,0,0,0,0
oflb-prociono-fonts,font,http://www.google.com/fonts/specimen/Prociono,0,0,0,0
oflb-riordonfancy-fonts,font,http://openfontlibrary.org/media/files/tthurman/354,0,0,0,0
oflb-roadstencil-fonts,font,http://openfontlibrary.org/media/files/andyfitz/237,0,0,0,0
oflb-smonohand-fonts,font,http://openfontlibrary.org/media/files/dalles/403,0,0,0,0
oggconvert,desktop,http://oggconvert.tristanb.net/,0,0,0,0
okteta,desktop,http://userbase.kde.org/Okteta/,yes,0,0,0
oldstandard-sfd-fonts,font,http://www.thessalonica.org.ru/en/fonts.html,0,0,0,0
openalchemist,desktop,http://www.openalchemist.com,0,0,0,0
openambit,desktop,http://openambit.org/,0,0,0,0
openarena,desktop,http://www.openarena.ws/,0,0,0,0
opencity,desktop,http://www.opencity.info,0,0,0,0
opendyslexic-fonts,font,http://dyslexicfonts.com/,0,0,0,0
openeuclide,desktop,http://coulon.publi.free.fr/openeuclide/index.php,0,0,0,0
openlierox,desktop,http://openlierox.sourceforge.net/,0,0,0,0
openmsx,desktop,http://openmsx.sourceforge.net,0,0,0,0
openscad,desktop,http://www.openscad.org/,0,0,0,0
OpenStego,desktop,http://openstego.sourceforge.net/index.html,0,0,0,0
openstv,desktop,https://github.com/OpenTechStrategies/openstv,0,0,0,0
openteacher,desktop,http://www.openteacher.org,0,0,0,0
openttd,desktop,http://www.openttd.org,0,0,0,0
ophcrack,desktop,http://ophcrack.sourceforge.net,0,0,0,0
opticalraytracer,desktop,http://arachnoid.com/OpticalRayTracer/index.html,0,0,0,0
corebird,desktop,http://corebird.baedert.org/,0,0,0,0
gnome-boxes,desktop,http://live.gnome.org/Apps/Boxes,yes,yes,0,1.0
cheese,desktop,https://wiki.gnome.org/Apps/Cheese,yes,yes,yes,0
gnome-contacts,desktop,https://wiki.gnome.org/Apps/Contacts,yes,yes,yes,0.96
gnome-documents,desktop,https://wiki.gnome.org/Apps/Documents,yes,yes,yes,0.97
file-roller,desktop,https://wiki.gnome.org/Apps/FileRoller,yes,yes,yes,0.79
font-manager,desktop,http://code.google.com/p/font-manager,0,0,0,0
gnome-logs,desktop,https://wiki.gnome.org/Apps/Logs,yes,yes,yes,0.9
gnome-maps,desktop,http://wiki.gnome.org/Apps/Maps,yes,yes,0,1.0
gnome-multi-writer,desktop,https://github.com/hughsie/gnome-multi-writer,0,0,0,0
nautilus,desktop,https://wiki.gnome.org/Apps/Nautilus/,yes,yes,yes,0.74
gnome-photos,desktop,https://wiki.gnome.org/Apps/Photos,yes,yes,yes,1.0
polari,desktop,https://wiki.gnome.org/Apps/Polari,yes,yes,yes,0.79
gnome-shell-extension-pomodoro,desktop,https://github.com/codito/gnome-shell-pomodoro,0,0,0,0
gnome-screenshot,desktop,http://www.gnome.org,yes,yes,0,0.98
gnome-software,desktop,https://wiki.gnome.org/Design/Apps/Software,yes,yes,yes,1.0
gnome-sound-recorder,desktop,https://wiki.gnome.org/Design/Apps/SoundRecorder,yes,yes,yes,1.0
totem,desktop,https://wiki.gnome.org/Apps/Videos,yes,yes,yes,0.64
gnome-weather,desktop,https://wiki.gnome.org/Apps/Weather,yes,yes,yes,0.45
baobab,desktop,https://wiki.gnome.org/Apps/Baobab,yes,yes,0,0.45
gnome-clocks,desktop,https://wiki.gnome.org/Apps/Clocks,yes,yes,yes,1.0
gnome-font-viewer,desktop,http://www.gnome.org/gnome-3/,yes,yes,yes,1.0
gedit,desktop,https://wiki.gnome.org/Apps/Gedit,yes,yes,yes,0.61
nuntius,desktop,https://github.com/orgs/holylobster,0,0,0,0
osmo,desktop,http://clayo.org/osmo/,0,0,0,0
otter-browser,desktop,http://otter-browser.org/,0,0,0,0
overpass-fonts,font,https://fedorahosted.org/overpass-fonts/,0,0,0,0
mirall,desktop,http://owncloud.org/sync-clients/,0,0,0,0
perl-Padre,desktop,http://search.cpan.org/dist/Padre/,0,0,0,0
pagul-fonts,font,http://sourceforge.net/projects/pagul/,0,0,0,0
pairs,desktop,http://edu.kde.org/pairs/,0,0,0,0
pan,desktop,http://pan.rebelbase.com/,0,0,0,0
kipi-plugins,desktop,http://www.digikam.org/,0,0,0,0
paratype-pt-mono-fonts,font,http://www.paratype.com/public/,0,0,0,0
paratype-pt-sans-fonts,font,http://www.paratype.com/public/,0,0,0,0
paratype-pt-serif-fonts,font,http://www.paratype.com/public/,0,0,0,0
parcellite,desktop,http://parcellite.sourceforge.net/,0,0,0,0
parley,desktop,http://edu.kde.org/parley/,0,0,0,0
kde-partitionmanager,desktop,http://sourceforge.net/projects/partitionman/,yes,yes,0,0.72
paulstretch,desktop,http://hypermammut.sourceforge.net/paulstretch,0,0,0,0
pavucontrol,desktop,http://freedesktop.org/software/pulseaudio/pavucontrol,yes,yes,0,1.0
pcb,desktop,http://pcb.geda-project.org/,0,0,0,0
kicad,desktop,http://www.kicad-pcb.org,0,0,0,0
kicad,desktop,http://www.kicad-pcb.org,0,0,0,0
pcmanfm-qt,desktop,http://lxqt.org,0,0,0,0
pcmanfm-qt5,desktop,https://github.com/lxde/pcmanfm-qt,0,0,0,0
pcmanfm,desktop,http://pcmanfm.sourceforge.net/,0,yes,0,0
pcmanx-gtk2,desktop,http://code.google.com/p/pcmanx-gtk2/,0,0,0,0
pdfmod,desktop,http://live.gnome.org/Apps/PdfMod,0,0,0,0
pdfshuffler,desktop,http://pdfshuffler.sourceforge.net/,0,0,0,0
peg-solitaire,desktop,https://sourceforge.net/projects/peg-solitaire/,0,0,0,0
phatch,desktop,http://photobatch.stani.be/,0,0,0,0
phoronix-test-suite,desktop,http://www.phoronix-test-suite.com/,0,0,0,0
photocollage,desktop,https://github.com/adrienverge/PhotoCollage,0,0,0,0
kipi-plugins,desktop,http://www.digikam.org/,0,0,0,0
picard,desktop,http://picard.musicbrainz.org/,0,0,0,0
picmi,desktop,https://projects.kde.org/projects/kde/kdegames/picmi,0,0,0,0
pidgin,desktop,http://www.pidgin.im/,yes,yes,0,0
piklab,desktop,http://piklab.sourceforge.net,0,0,0,0
pingus,desktop,http://pingus.seul.org/,0,0,0,0
pinta,desktop,http://pinta-project.com/,0,0,0,0
pioneers,desktop,http://pio.sourceforge.net/,0,0,0,0
pitivi,desktop,http://www.pitivi.org,0,0,0,0
calligra-plan,desktop,http://www.calligra.org/plan/,0,0,0,0
planner,desktop,https://wiki.gnome.org/Planner/,0,0,0,0.27
plasma-mediacenter,desktop,http://download.kde.org/stable/plasma-mediacenter,0,0,0,0
plee-the-bear,desktop,http://plee-the-bear.sourceforge.net/,0,0,0,0
plotdrop,desktop,http://plotdrop.sourceforge.net/,0,0,0,0
pluma,desktop,http://mate-desktop.org,0,yes,0,0.98
poedit,desktop,http://www.poedit.net/,0,0,0,0.64
pogo,desktop,https://launchpad.net/pogo,0,0,0,0
pokerth,desktop,http://www.pokerth.net,0,0,0,0
pondus,desktop,http://www.ephys.de/software/pondus/,0,0,0,0
portecle,desktop,http://portecle.sourceforge.net/,0,0,0,0
pothana2000-fonts,font,https://fedorahosted.org/pothana_vemana/,0,0,0,0
pragha,desktop,https://github.com/matiasdelellis/pragha,0,0,0,0
prepaid-manager-applet,desktop,https://honk.sigxcpu.org/piki/projects/ppm/,0,0,0,0
presence,desktop,http://gitorious.org/valastuff/presence,0,0,0,0
proguard-gui,desktop,http://proguard.sourceforge.net,0,0,0,0
pronsole,desktop,https://github.com/kliment/Printrun,0,0,0,0
pronterface,desktop,https://github.com/kliment/Printrun,0,0,0,0
emacs-common-proofgeneral,desktop,http://proofgeneral.inf.ed.ac.uk/,0,0,0,0
psi,desktop,http://psi-im.org,0,0,0,0
pspp,desktop,http://www.gnu.org/software/pspp/,0,0,0,0
pulsecaster,desktop,http://pulsecaster.org/,0,0,0,0
pulseview,desktop,http://www.sigrok.org,0,0,0,0
putty,desktop,http://www.chiark.greenend.org.uk/~sgtatham/putty/,0,0,0,0
pybliographer,desktop,http://www.pybliographer.org,0,0,0,0.5
pycam,desktop,http://sourceforge.net/projects/pycam/,0,0,0,0
pychess,desktop,http://pychess.org,0,0,0,0
pyhoca-gui,desktop,http://www.x2go.org/,0,0,0,0
pyobd,desktop,http://www.obdtester.com/,0,0,0,0
pyqtrailer,desktop,http://github.com/sochotnicky/pyqtrailer,0,0,0,0
qbittorrent,desktop,http://sourceforge.net/projects/qbittorrent,0,0,0,0
qmasterpassword,desktop,https://github.com/bkueng/qMasterPassword,0,0,0,0
qalculate-kde,desktop,http://qalculate.sourceforge.net/,0,0,0,0
qasconfig,desktop,http://xwmw.org/qastools,0,0,0,0
qashctl,desktop,http://xwmw.org/qastools,0,0,0,0
qasmixer,desktop,http://xwmw.org/qastools,0,0,0,0
qcomicbook,desktop,http://qcomicbook.org/,0,0,0,0
qdevelop,desktop,http://biord-software.org/qdevelop/,0,0,0,0
qelectrotech,desktop,http://qelectrotech.org,0,0,0,0
qesteidutil,desktop,http://www.id.ee/,0,0,0,0
qgit,desktop,http://libre.tibirna.org/projects/qgit,0,0,0,0
qjackctl,desktop,http://qjackctl.sourceforge.net,0,0,0,0
qjackmmc,desktop,http://sourceforge.net/projects/jackctlmmc,0,0,0,0
qmidiarp,desktop,http://qmidiarp.sourceforge.net,0,0,0,0
qmmp,desktop,http://qmmp.ylsoftware.com/,0,0,0,0
qpdfview,desktop,https://launchpad.net/qpdfview,0,0,0,0
qroneko,desktop,http://qroneko.sourceforge.net/,0,0,0,0
qsstv,desktop,http://users.telenet.be/on4qz/qsstv/,0,0,0,0
qstardict,desktop,http://qstardict.ylsoftware.com/,0,0,0,0
qsynth,desktop,http://qsynth.sourceforge.net,0,0,0,0
qt-assistant,desktop,http://qt-project.org/,0,0,0,0
qt-devel,desktop,http://qt-project.org/,0,0,0,0
qt-qdbusviewer,desktop,http://qt-project.org/,0,0,0,0
qt5-assistant,desktop,http://qt-project.org/,0,0,0,0
qt5-designer,desktop,http://qt-project.org/,0,0,0,0
qt5-linguist,desktop,http://qt-project.org/,0,0,0,0
qt5-qdbusviewer,desktop,http://qt-project.org/,0,0,0,0
qt-creator,desktop,https://qt-project.org/wiki/Category:Tools::QtCreator,0,0,0,0
qtdbf,desktop,https://github.com/Voral/qtDbf/,0,0,0,0
qterm,desktop,http://qterm.sourceforge.net/wiki/index.php/Main_Page,0,0,0,0
qterminal,desktop,https://github.com/qterminal/qterminal,0,0,0,0
qtgpsc,desktop,http://code.google.com/p/qtgpsc/,0,0,0,0
qtoctave,desktop,http://qtoctave.wordpress.com/,0,0,0,0
qtractor,desktop,http://qtractor.sourceforge.net/,0,0,0,0
quadrapassel,desktop,https://wiki.gnome.org/Apps/Quadrapassel,yes,yes,0,0.46
quake3-demo,desktop,http://ioquake3.org/,0,0,0,0
quassel,desktop,http://quassel-irc.org/,0,0,0,0
quearcode,desktop,http://sourceforge.net/projects/quearcode/,0,0,0,0
ibus-cangjie-engine-quick,inputmethod,http://cangjians.github.io/ibus-cangjie,0,0,0,0
quitcount,desktop,http://quitcount.sourceforge.net/,0,0,0,0
quiterss,desktop,http://code.google.com/p/quite-rss/,0,0,0,0
quodlibet,desktop,https://quodlibet.readthedocs.org,0,0,0,0
qupzilla,desktop,http://www.qupzilla.com/,0,0,0,0
qutim,desktop,http://www.qutim.org/,0,0,0,0
qv4l2,desktop,http://www.linuxtv.org/downloads/v4l-utils/,0,0,0,0
qxkb,desktop,http://qxkb.googlecode.com,0,0,0,0
rafkill,desktop,http://raptorv2.sourceforge.net/index.php,0,0,0,0
rakarrack,desktop,http://rakarrack.sourceforge.net/,0,0,0,0
rapid-photo-downloader,desktop,http://www.damonlynch.net/rapid/,0,0,0,0
rasmol,desktop,http://www.rasmol.org,0,0,0,0
rawtherapee,desktop,http://www.rawtherapee.com/,0,0,0,0
rcssserver3d,desktop,http://sourceforge.net/projects/simspark/,0,0,0,0
recoll,desktop,http://www.lesbonscomptes.com/recoll/,0,0,0,0
redeclipse,desktop,http://www.redeclipse.net/,0,0,0,0
rednotebook,desktop,http://rednotebook.sourceforge.net,0,0,0,0
redshift-gtk,desktop,http://jonls.dk/redshift/,0,0,0,0
reinteract,desktop,http://www.reinteract.org/,0,0,0,0
remmina,desktop,http://remmina.sourceforge.net,0,0,0,0
repsnapper,desktop,https://github.com/timschmidt/repsnapper,0,0,0,0
retext,desktop,http://sourceforge.net/p/retext/home/ReText,0,0,0,0
revelation,desktop,http://revelation.olasagasti.info/index.php,0,0,0,0
rhythmbox,desktop,https://wiki.gnome.org/Apps/Rhythmbox,yes,yes,0,0.76
ristretto,desktop,http://goodies.xfce.org/projects/applications/ristretto/,0,0,0,0
rkward,desktop,http://rkward.sourceforge.net/,0,0,0,0
rkward,desktop,http://rkward.sourceforge.net/,0,0,0,0
rocksndiamonds,desktop,http://www.artsoft.org/rocksndiamonds/,0,0,0,0
rocs,desktop,https://edu.kde.org/applications/all/rocs,0,0,0,0
root,desktop,http://root.cern.ch/,0,0,0,0
rosegarden4,desktop,http://www.rosegardenmusic.com,0,0,0,0
roxterm,desktop,http://roxterm.sourceforge.net,0,yes,0,0
rsibreak,desktop,https://projects.kde.org/projects/unmaintained/rsibreak,0,0,0,0
rxvt-unicode,desktop,http://software.schmorp.de/,0,0,0,0
saga,desktop,http://www.saga-gis.org,0,0,0,0
sagemath,desktop,http://www.sagemath.org,0,0,0,0
sailcut,desktop,http://www.sailcut.com/,0,0,0,0
sakura,desktop,https://launchpad.net/sakura,0,0,0,0
samplv1,desktop,http://samplv1.sourceforge.net,0,0,0,0
samyak-devanagari-fonts,font,http://sarovar.org/projects/samyak/,0,0,0,0
samyak-gujarati-fonts,font,http://sarovar.org/projects/samyak/,0,0,0,0
samyak-malayalam-fonts,font,http://sarovar.org/projects/samyak/,0,0,0,0
samyak-odia-fonts,font,http://sarovar.org/projects/samyak/,0,0,0,0
samyak-tamil-fonts,font,http://sarovar.org/projects/samyak/,0,0,0,0
sarai-fonts,font,http://www.sarai.net/practices/indic-localization,0,0,0,0
sayonara,desktop,http://sayonara-player.com,0,0,0,0
ibus-sayura,inputmethod,https://fedorahosted.org/ibus-sayura/,0,0,0,0
kipi-plugins,desktop,http://www.digikam.org/,yes,0,0,0
scap-workbench,desktop,https://fedorahosted.org/scap-workbench,0,0,0,0
scholarsfonts-cardo-fonts,font,http://scholarsfonts.net/cardofnt.html,0,0,0,0
scidavis,desktop,http://scidavis.sourceforge.net/,0,0,0,0
scilab,desktop,http://www.scilab.org,0,0,0,0
scorched3d,desktop,http://www.scorched3d.co.uk/,0,0,0,0
scratch,desktop,http://scratch.mit.edu,0,0,0,0
screengrab,desktop,http://screengrab.doomer.org/,0,0,0,0
screenie-composer,desktop,https://code.google.com/p/screenie/,0,0,0,0
scribus,desktop,http://scribus.net/,0,0,0,0
scummvm,desktop,http://scummvm.sourceforge.net/,0,0,0,0
seaview,desktop,http://pbil.univ-lyon1.fr/software/seaview.html,0,0,0,0
seq24,desktop,http://launchpad.net/seq24,0,0,0,0
serafettin-cartoon-fonts,font,http://serafettin.sourceforge.net/,0,0,0,0
setroubleshoot,desktop,https://fedorahosted.org/setroubleshoot/,yes,yes,0,1.0
sflphone-kde,desktop,http://sflphone.org/,0,0,0,0
sflphone-gnome,desktop,http://sflphone.org/,0,0,0,0
shadowsintolight-fonts,font,http://www.google.com/fonts/specimen/Shadows+Into+Light,0,0,0,0
calligra-sheets,desktop,http://www.calligra-suite.org/,0,0,0,0
shotwell,desktop,https://wiki.gnome.org/Apps/Shotwell,0,yes,0,0.95
digikam,desktop,http://www.digikam.org/,yes,yes,0,0.53
shutter,desktop,http://shutter-project.org/,0,0,0,0
sidc-gui,desktop,http://github.com/sorki/sidc-gui,0,0,0,0
sil-abyssinica-fonts,font,http://scripts.sil.org/AbyssinicaSIL,0,0,0,0
sil-andika-fonts,font,http://scripts.sil.org/Andika,0,0,0,0
sil-charis-fonts,font,http://scripts.sil.org/CharisSILFont,0,0,0,0
sil-charis-compact-fonts,font,http://scripts.sil.org/CharisSILFont,0,0,0,0
sil-doulos-fonts,font,http://scripts.sil.org/DoulosSILFont,0,0,0,0
sil-gentium-fonts,font,http://scripts.sil.org/Gentium_linux,0,0,0,0
sil-gentium-basic-book-fonts,font,http://scripts.sil.org/Gentium_Basic,0,0,0,0
sil-lateef-fonts,font,http://scripts.sil.org/ArabicFonts,0,0,0,0
sil-mingzat-fonts,font,http://scripts.sil.org/Mingzat,0,0,0,0
sil-nuosu-fonts,font,http://scripts.sil.org/SILYi_home,0,0,0,0
sil-padauk-fonts,font,http://scripts.sil.org/Padauk,0,0,0,0
sil-scheherazade-fonts,font,http://scripts.sil.org/ArabicFonts,0,0,0,0
silkscreen-fonts,font,http://www.kottke.org/plus/type/silkscreen/,0,0,0,0
simon,desktop,http://www.simon-listens.org/,0,0,0,0
simple-scan,desktop,https://launchpad.net/simple-scan,yes,yes,0,0.65
simsu,desktop,http://gottcode.org/simsu/,0,0,0,0
sir,desktop,https://code.google.com/p/sir/,0,0,0,0
sj-delphine-fonts,font,http://sjfonts.sourceforge.net,0,0,0,0
sj-stevehand-fonts,font,http://sjfonts.sourceforge.net,0,0,0,0
skanlite,desktop,http://kde-apps.org/content/show.php?content=109803,yes,yes,0,0.54
ibus-skk,inputmethod,https://github.com/ueno/ibus-skk/,0,0,0,0
skrooge,desktop,https://skrooge.org/,0,0,0,0
skychart,desktop,http://www.ap-i.net/skychart/,0,0,0,0
slic3r,desktop,http://slic3r.org/,0,0,0,0
slingshot,desktop,http://slingshot.wikispot.org/Front_Page,0,0,0,0
smb4k,desktop,http://smb4k.sourceforge.net,0,0,0,0
ax25-tools-x,desktop,http://www.linux-ax25.org/wiki/LinuxAX25,0,0,0,0
smuxi-frontend-gnome,desktop,https://smuxi.im/,0,0,0,0
snap-gtk,desktop,http://projects.morsi.org/snap,0,0,0,0
snappy-player,desktop,http://projects.gnome.org/snappy/,0,0,0,0
dogtail,desktop,http://dogtail.fedorahosted.org/,0,0,0,0
aisleriot,desktop,https://wiki.gnome.org/Apps/Aisleriot,yes,yes,0,0.99
solaar,desktop,http://pwr.github.io/Solaar/,0,0,0,0
sonata,desktop,http://sonata.berlios.de/,0,0,0,0
sooperlooper,desktop,http://essej.net/sooperlooper/,0,0,0,0
sopwith,desktop,http://sdl-sopwith.sourceforge.net/,0,0,0,0
sound-juicer,desktop,http://www.burtonini.com/blog/computers/sound-juicer,yes,yes,0,0.82
soundconverter,desktop,http://soundconverter.org/,0,0,0,0
adobe-source-sans-pro-fonts,font,http://sourceforge.net/projects/sourcesans.adobe/,0,0,0,0
sparkleshare,desktop,http://www.sparkleshare.org/,0,0,0,0
spatialite-gui,desktop,https://www.gaia-gis.it/fossil/spatialite_gui,0,0,0,0
springlobby,desktop,http://springlobby.info,0,0,0,0
spyder,desktop,http://spyderlib.googlecode.com,0,0,0,0
sqlitebrowser,desktop,https://github.com/sqlitebrowser/sqlitebrowser,0,0,0,0
sqliteman,desktop,http://www.sqliteman.com/,0,0,0,0
calligra-stage,desktop,http://www.calligra-suite.org/,0,0,0,0
starcal,desktop,http://sourceforge.net/projects/starcal/,0,0,0,0
stellarium,desktop,http://www.stellarium.org/,0,yes,0,0
step,desktop,http://edu.kde.org/step/,yes,yes,0,0
stix-fonts,font,http://www.stixfonts.org/,0,0,0,0
stix-math-fonts,font,http://www.stixfonts.org/,0,0,0,0
stoken-gui,desktop,http://stoken.sf.net,0,0,0,0
stormbaancoureur,desktop,http://www.stolk.org/stormbaancoureur/,0,0,0,0
streamtuner,desktop,http://sourceforge.net/projects/streamtuner2/,0,0,0,0
ibus-table-chinese-stroke5,inputmethod,https://code.google.com/p/ibus/,0,0,0,0
subscription-manager-gui,desktop,https://fedorahosted.org/subscription-manager/,yes,yes,0,0.96
subsurface,desktop,http://www.http://subsurface-divelog.org/,0,0,0,0
subtitleeditor,desktop,http://home.gna.org/subtitleeditor/,0,0,0,0
sudoku-savant,desktop,http://sourceforge.net/projects/sudoku-savant/,0,0,0,0
sumwars,desktop,http://sumwars.org,0,0,0,0
supertux,desktop,http://supertux.lethargik.org/,0,0,0,0
supertuxkart,desktop,http://supertuxkart.sourceforge.net/,0,0,0,0
surf,desktop,http://surf.suckless.org/,0,0,0,0
swami,desktop,http://www.swamiproject.org/,0,0,0,0
swell-foop,desktop,https://wiki.gnome.org/Apps/Swell%20Foop,yes,yes,0,0.46
swift,desktop,http://swift.im/,0,0,0,0
sylpheed,desktop,http://sylpheed.sraoss.jp/,0,0,0,0
synapse,desktop,https://launchpad.net/synapse-project,0,0,0,0
syncevolution-gtk,desktop,http://syncevolution.org/,0,0,0,0
synfigstudio,desktop,http://www.synfig.org,0,0,0,0
synthv1,desktop,http://synthv1.sourceforge.net,0,0,0,0
sysprof,desktop,http://www.sysprof.com,0,0,0,0
system-config-httpd,desktop,http://hg.fedorahosted.org/hg/system-config-httpd,0,yes,0,1.0
system-config-kickstart,desktop,http://fedoraproject.org/wiki/SystemConfig/Tools,yes,yes,0,1.0
system-config-printer,desktop,http://cyberelk.net/tim/software/system-config-printer/,yes,yes,0,0.99
systemd-ui,desktop,http://www.freedesktop.org/wiki/Software/systemd/,0,0,0,0
tabish-eeyek-fonts,font,http://tabish.freeshell.org/eeyek/,0,0,0,0
tagainijisho,desktop,http://www.tagaini.net,0,0,0,0
tagtool,desktop,https://github.com/tagtool/tagtool,0,0,0,0
tali,desktop,https://wiki.gnome.org/Apps/Tali,yes,yes,0,0.46
tangerine-fonts,font,http://www.google.com/fonts/specimen/Tangerine,0,0,0,0
taskcoach,desktop,http://www.taskcoach.org/,0,0,0,0
tcpjunk,desktop,http://code.google.com/p/tcpjunk/,0,0,0,0
teamgit,desktop,http://gitorious.org/projects/teamgit,0,0,0,0
teeworlds,desktop,http://www.teeworlds.com/,0,0,0,0
tellico,desktop,http://tellico-project.org/,0,0,0,0
tennix,desktop,http://icculus.org/tennix/,0,0,0,0
tepsonic,desktop,http://www.tepsonic.org,0,0,0,0
terminator,desktop,http://gnometerminator.blogspot.com/p/introduction.html,0,0,0,0
terminology,desktop,http://www.enlightenment.org,0,0,0,0
termit,desktop,http://wiki.github.com/nonstop/termit/,0,0,0,0
texmaker,desktop,http://www.xm1math.net/texmaker/,0,0,0,0
texstudio,desktop,http://texstudio.sourceforge.net/,0,0,0,0
texworks,desktop,http://www.tug.org/texworks/,0,0,0,0
thai-scalable-garuda-fonts,font,http://linux.thai.net/projects/thaifonts-scalable,0,0,0,0
thai-scalable-kinnari-fonts,font,http://linux.thai.net/projects/thaifonts-scalable,0,0,0,0
thai-scalable-loma-fonts,font,http://linux.thai.net/projects/thaifonts-scalable,0,0,0,0
thai-scalable-norasi-fonts,font,http://linux.thai.net/projects/thaifonts-scalable,0,0,0,0
thai-scalable-purisa-fonts,font,http://linux.thai.net/projects/thaifonts-scalable,0,0,0,0
thai-scalable-sawasdee-fonts,font,http://linux.thai.net/projects/thaifonts-scalable,0,0,0,0
thai-scalable-tlwgmono-fonts,font,http://linux.thai.net/projects/thaifonts-scalable,0,0,0,0
thai-scalable-tlwgtypewriter-fonts,font,http://linux.thai.net/projects/thaifonts-scalable,0,0,0,0
thai-scalable-tlwgtypist-fonts,font,http://linux.thai.net/projects/thaifonts-scalable,0,0,0,0
thai-scalable-tlwgtypo-fonts,font,http://linux.thai.net/projects/thaifonts-scalable,0,0,0,0
thai-scalable-umpush-fonts,font,http://linux.thai.net/projects/thaifonts-scalable,0,0,0,0
thai-scalable-waree-fonts,font,http://linux.thai.net/projects/thaifonts-scalable,0,0,0,0
tharlon-fonts,font,http://code.google.com/p/tharlon-font/,0,0,0,0
thibault-essays1743-fonts,font,http://www.thibault.org/fonts,0,0,0,0
thibault-isabella-fonts,font,http://www.thibault.org/fonts,0,0,0,0
thibault-rockets-fonts,font,http://www.thibault.org/fonts,0,0,0,0
thibault-staypuft-fonts,font,http://www.thibault.org/fonts,0,0,0,0
tibetan-machine-uni-fonts,font,http://www.thlib.org/tools/#wiki=/access/wiki/site/26a34146-33a6-48ce-001e-f16ce7908a6a/tibetan%20machine%20uni.html,0,0,0,0
tiled,desktop,http://www.mapeditor.org/,0,0,0,0
timeline,desktop,http://thetimelineproj.sourceforge.net/,0,0,0,0
tintii,desktop,http://www.indii.org/software/tintii,0,0,0,0
tkabber,desktop,http://tkabber.jabber.ru/,0,0,0,0
tlomt-junction-fonts,font,http://www.theleagueofmoveabletype.com/fonts/1-junction,0,0,0,0
tlomt-league-gothic-fonts,font,http://www.theleagueofmoveabletype.com/fonts/7-league-gothic,0,0,0,0
tlomt-orbitron-fonts,font,http://www.theleagueofmoveabletype.com/,0,0,0,0
tlomt-sniglet-fonts,font,http://www.theleagueofmoveabletype.com/fonts/2-sniglet,0,0,0,0
tmw,desktop,http://themanaworld.org,0,0,0,0
tomahawk,desktop,http://tomahawk-player.org/,0,0,0,0
tomboy,desktop,https://projects.gnome.org/tomboy/,yes,yes,0,0.98
tong,desktop,http://www.nongnu.org/tong,0,0,0,0
tonto,desktop,http://mrallen.com/tonto/,0,0,0,0
tor-arm-gui,desktop,http://www.atagar.com/arm/,0,0,0,0
torcs,desktop,http://torcs.sourceforge.net/,0,0,0,0
torrent-file-editor,desktop,https://sourceforge.net/projects/torrent-file-editor/,0,0,0,0
trustedqsl,desktop,http://sourceforge.net/projects/trustedqsl/,0,0,0,0
trabajo-fonts,font,http://openfontlibrary.org/font/trabajo,0,0,0,0
tracker-needle,desktop,https://wiki.gnome.org/Projects/Tracker,0,0,0,0
transmageddon,desktop,http://www.linuxrising.org/,0,0,0,0
transmission-remote-gtk,desktop,http://code.google.com/p/transmission-remote-gtk,0,0,0,0
tremulous,desktop,http://www.tremulous.net,0,0,0,0
trojita,desktop,http://trojita.flaska.net/,0,0,0,0
tuladha-jejeg-fonts,font,https://sites.google.com/site/jawaunicode/main-page,0,0,0,0
tulrich-tuffy-fonts,font,http://tulrich.com/fonts/,0,0,0,0
turpial,desktop,http://turpial.org.ve,0,0,0,0
tuxanci,desktop,http://www.tuxanci.org/en/start,0,0,0,0
tuxcut,desktop,https://bitbucket.org/a_atalla/tuxcut/overview,0,0,0,0
tuxpaint,desktop,http://tuxpaint.org/,0,0,0,0
tuxtype2,desktop,http://tux4kids.alioth.debian.org/tuxtype/index.php,0,0,0,0
tvtime,desktop,http://tvtime.sourceforge.net,0,0,0,0
ibus-typing-booster,inputmethod,https://code.google.com/p/ibus/,0,0,0,0
ubuntu-title-fonts,font,https://launchpad.net/ubuntutitle,0,0,0,0
ucview,desktop,http://www.unicap-imaging.org/,0,0,0,0
udav,desktop,http://mathgl.sourceforge.net,0,0,0,0
ufraw,desktop,http://ufraw.sourceforge.net,0,0,0,0
ugene,desktop,http://ugene.unipro.ru,0,0,0,0
uget,desktop,http://ugetdm.com/,0,0,0,0
ukij-tuz-fonts,font,http://www.ukij.org/fonts/,0,0,0,0
un-core-graphic-fonts,font,http://kldp.net/projects/unfonts/,0,0,0,0
un-core-gungseo-fonts,font,http://kldp.net/projects/unfonts/,0,0,0,0
un-core-pilgi-fonts,font,http://kldp.net/projects/unfonts/,0,0,0,0
unetbootin,desktop,http://unetbootin.sourceforge.net/,0,0,0,0
unifont-fonts,font,https://savannah.gnu.org/projects/unifont,0,0,0,0.01
unison240-gtk,desktop,http://www.cis.upenn.edu/~bcpierce/unison,0,0,0,0
uqm,desktop,http://sc2.sourceforge.net/,0,0,0,0
urbanlightscape,desktop,http://www.indii.org/software/urbanlightscape,0,0,0,0
urbanterror,desktop,http://www.urbanterror.net/,0,0,0,0
uzbl-defaults,desktop,http://www.uzbl.org/,0,0,0,0
valyriatear,desktop,http://valyriatear.blogspot.com,0,0,0,0
vdrift,desktop,http://vdrift.net,0,0,0,0
vemana2000-fonts,font,https://fedorahosted.org/pothana_vemana/,0,0,0,0
verbiste-gnome,desktop,http://sarrazip.com/dev/verbiste.html,0,0,0,0
veusz,desktop,http://home.gna.org/veusz/,0,0,0,0
vidalia,desktop,http://www.torproject.org/vidalia/,0,0,0,0
viewnior,desktop,http://siyanpanayotov.com/project/viewnior/,0,0,0,0
viking,desktop,http://viking.sourceforge.net/,0,0,0,0
vim-command-t,addon,https://wincent.com/products/command-t,0,0,0,0
vim-go,addon,https://github.com/fatih/vim-go,0,0,0,0
vim-gtk-syntax,addon,http://www.vim.org/scripts/script.php?script_id=1000,0,0,0,0
vim-javabrowser,addon,http://www.vim.org/scripts/script.php?script_id=588,0,0,0,0
vim-jedi,addon,https://github.com/davidhalter/jedi-vim,0,0,0,0
vim-taglist,addon,http://vim-taglist.sourceforge.net/,0,0,0,0
vimpal,desktop,http://vimpal.sourceforge.net,0,0,0,0
vinagre,desktop,https://wiki.gnome.org/Apps/Vinagre,yes,yes,yes,0.95
virt-manager,desktop,http://www.virt-manager.org/,yes,0,0,0.81
virtaal,desktop,http://translate.sourceforge.net/wiki/virtaal/index,0,0,0,0
vlgothic-fonts,font,http://dicey.org/vlgothic,0,0,0,0
vmpk,desktop,http://vmpk.sourceforge.net/,0,0,0,0
tigervnc,desktop,http://www.tigervnc.com,0,0,0,0
vollkorn-fonts,font,http://vollkorn-typeface.com/,0,0,0,0
vst-amsynth-plugin,addon,http://amsynth.github.io/,0,0,0,0
vym,desktop,http://www.insilmaril.de/vym/,0,0,0,0
wallpapoz,desktop,http://vajrasky.wordpress.com/wallpapoz/,0,0,0,0
wammu,desktop,http://wammu.eu/wammu/,0,0,0,0
warmux,desktop,http://sourceforge.net/projects/warmux/,0,0,0,0
warzone2100,desktop,http://wz2100.net/,0,0,0,0
weka,desktop,http://www.cs.waikato.ac.nz/ml/weka/,0,0,0,0
wesnoth-data,desktop,http://www.wesnoth.org/,0,0,0,0
whaawmp,desktop,http://home.gna.org/whaawmp/,0,0,0,0
whysynth-dssi,desktop,http://www.smbolton.com/whysynth.html,0,0,0,0
wifi-radar,desktop,http://wifi-radar.berlios.de/,0,0,0,0
wings,desktop,http://www.wings3d.com,0,0,0,0
winpdb,desktop,http://www.winpdb.org/,0,0,0,0
winswitch,desktop,http://winswitch.org/,0,0,0,0
wireshark-gnome,desktop,http://www.wireshark.org,0,0,0,0
woodardworks-laconic-fonts,font,http://www.woodardworks.com/type13.html,0,0,0,0
wordgroupz,desktop,http://gitorious.org/wordgroupz/,0,0,0,0
calligra-words,desktop,http://www.calligra-suite.org/,0,0,0,0
workrave,desktop,http://www.workrave.org/,0,0,0,0
worldofpadman,desktop,http://padworld.myexp.de/,0,0,0,0
ibus-table-chinese-wubi-haifeng,inputmethod,http://code.google.com/p/ibus/,0,0,0,0
ibus-table-chinese-wubi-jidian,inputmethod,http://code.google.com/p/ibus/,0,0,0,0
wxGlade,desktop,http://wxglade.sourceforge.net,0,0,0,0
wxmacmolplt,desktop,http://www.scl.ameslab.gov/~brett/MacMolPlt/,0,0,0,0
wxMaxima,desktop,http://wxmaxima.sourceforge.net/,0,0,0,0
x-tile,desktop,http://www.giuspen.com/x-tile/,0,0,0,0
xchat-gnome,desktop,http://live.gnome.org/Xchat-Gnome,0,0,0,0.64
xchat,desktop,http://xchat.org/,0,0,0,0.9
xemacs,desktop,http://www.xemacs.org/,0,0,0,0
xfburn,desktop,http://goodies.xfce.org/projects/applications/xfburn,0,yes,0,0.32
orage,desktop,http://www.xfce.org/,0,0,0,0
xfce4-clipman-plugin,desktop,http://goodies.xfce.org/projects/panel-plugins/xfce4-clipman-plugin,0,0,0,0
xfce4-dict,desktop,http://goodies.xfce.org/projects/applications/xfce4-dict,0,0,0,0
xfce4-mixer,desktop,http://www.xfce.org/,0,0,0,0
xfce4-notes-plugin,desktop,http://goodies.xfce.org/projects/panel-plugins/xfce4-notes-plugin,0,0,0,0
xfce4-screenshooter,desktop,http://goodies.xfce.org/projects/applications/xfce4-screenshooter,yes,0,0,0.52
xfce4-sensors-plugin,desktop,http://goodies.xfce.org/projects/panel-plugins/xfce4-sensors-plugin,0,0,0,0
xfce4-taskmanager,desktop,http://goodies.xfce.org/projects/applications/xfce4-taskmanager,0,0,0,0
xfce4-terminal,desktop,http://docs.xfce.org/apps/terminal/start,0,yes,0,0
xfdashboard,desktop,http://goodies.xfce.org/projects/applications/xfdashboard/start/,0,0,0,0
ax25-tools-x,desktop,http://www.linux-ax25.org/wiki/LinuxAX25,0,0,0,0
ax25-tools-x,desktop,http://www.linux-ax25.org/wiki/LinuxAX25,0,0,0,0
ax25-tools-x,desktop,http://www.linux-ax25.org/wiki/LinuxAX25,0,0,0,0
ax25-tools-x,desktop,http://www.linux-ax25.org/wiki/LinuxAX25,0,0,0,0
xgnokii,desktop,http://www.gnokii.org/,0,0,0,0
hydra-frontend,desktop,http://www.thc.org/thc-hydra/,0,0,0,0
xiphos-common,desktop,https://sourceforge.net/projects/gnomesword/,0,0,0,0
xlog,desktop,http://www.nongnu.org/xlog/,0,0,0,0
maxima-gui,desktop,http://maxima.sourceforge.net/,0,0,0,0
xmedcon,desktop,http://xmedcon.sourceforge.net/,0,0,0,0
xmlcopyeditor,desktop,http://xml-copy-editor.sourceforge.net/,0,0,0,0
xmoto,desktop,http://xmoto.sourceforge.net/,0,0,0,0
Xnee,desktop,http://www.gnu.org/software/xnee/,0,0,0,0
xnoise,desktop,http://www.xnoise-media-player.com/,0,0,0,0
xonotic,desktop,http://www.xonotic.org/,0,0,0,0
xoo,desktop,http://www.freedesktop.org/wiki/Software/xoo/,0,0,0,0
xournal,desktop,http://xournal.sourceforge.net/,0,0,0,0
xpad,desktop,https://launchpad.net/xpad,0,0,0,0
torque-gui,desktop,http://www.adaptivecomputing.com/products/open-source/torque/,0,0,0,0
xpra,desktop,https://www.xpra.org/,0,0,0,0
xsane,desktop,http://www.xsane.org/,0,0,0,1.0
xterm,desktop,http://invisible-island.net/xterm/,0,0,0,0
yad,desktop,http://sourceforge.net/projects/yad-dialog/,0,0,0,0
yakuake,desktop,http://yakuake.kde.org/,yes,yes,0,0.78
yanone-kaffeesatz-fonts,font,http://www.yanone.de/typedesign/kaffeesatz/,0,0,0,0
yanone-tagesschrift-fonts,font,http://www.yanone.de/typedesign/tagesschrift/,0,0,0,0
yarock,desktop,https://launchpad.net/yarock,0,0,0,0
yelp,desktop,https://projects.gnome.org/yelp/,yes,yes,0,0.29
yoshimi,desktop,https://sourceforge.net/projects/yoshimi/,0,0,0,0
yubikey-personalization-gui,desktop,http://opensource.yubico.com/yubikey-personalization-gui/,0,0,0,0
yumex-dnf,desktop,https://github.com/timlau/yumex-dnf,0,0,0,0
yumex,desktop,http://www.yumex.dk,0,0,0,0
zaz,desktop,http://sourceforge.net/projects/zaz/,0,0,0,0
Zim,desktop,http://zim-wiki.org/,0,0,0,0
zynaddsubfx,desktop,http://zynaddsubfx.sourceforge.net,0,0,0,0
